fault,run,latency_min
1,1,9
1,2,6
1,3,6
1,4,6
1,5,9
1,6,6
1,7,9
1,8,9
1,9,6
1,10,6
1,11,9
1,12,6
1,13,12
1,14,6
1,15,9
1,16,9
1,17,3
1,18,6
1,19,9
1,20,9
1,21,12
1,22,6
1,23,9
1,24,6
1,25,9
1,26,9
1,27,9
1,28,9
1,29,6
1,30,9
1,31,6
1,32,9
1,33,9
1,34,9
1,35,6
1,36,9
1,37,6
1,38,9
1,39,9
1,40,12
1,41,9
1,42,12
1,43,3
1,44,9
1,45,6
1,46,9
1,47,9
1,48,6
1,49,6
1,50,12
1,51,9
1,52,9
1,53,9
1,54,6
1,55,9
1,56,9
1,57,12
1,58,12
1,59,9
1,60,9
1,61,9
1,62,9
1,63,9
1,64,6
1,65,12
1,66,9
1,67,12
1,68,6
1,69,9
1,70,9
1,71,9
1,72,6
1,73,9
1,74,9
1,75,9
1,76,6
1,77,12
1,78,6
1,79,9
1,80,3
1,81,9
1,82,9
1,83,9
1,84,6
1,85,9
1,86,9
1,87,9
1,88,9
1,89,6
1,90,9
1,91,6
1,92,6
1,93,6
1,94,12
1,95,9
1,96,9
1,97,9
1,98,6
1,99,9
1,100,6
1,101,6
1,102,9
1,103,9
1,104,9
1,105,6
1,106,3
1,107,6
1,108,9
1,109,3
1,110,12
1,111,9
1,112,3
1,113,9
1,114,9
1,115,12
1,116,9
1,117,12
1,118,9
1,119,9
1,120,12
1,121,9
1,122,9
1,123,6
1,124,6
1,125,6
1,126,9
1,127,9
1,128,9
1,129,9
1,130,6
1,131,9
1,132,9
1,133,9
1,134,3
1,135,6
1,136,6
1,137,9
1,138,9
1,139,9
1,140,6
1,141,9
1,142,9
1,143,9
1,144,12
1,145,12
1,146,9
1,147,9
1,148,9
1,149,12
1,150,9
1,151,9
1,152,6
1,153,9
1,154,9
1,155,9
1,156,6
1,157,9
1,158,6
1,159,9
1,160,12
1,161,6
1,162,6
1,163,9
1,164,9
1,165,9
1,166,9
1,167,9
1,168,9
1,169,6
1,170,9
1,171,3
1,172,9
1,173,9
1,174,9
1,175,3
1,176,12
1,177,9
1,178,9
1,179,3
1,180,9
1,181,6
1,182,9
1,183,6
1,184,12
1,185,3
1,186,12
1,187,9
1,188,6
1,189,9
1,190,6
1,191,6
1,192,6
1,193,9
1,194,9
1,195,9
1,196,9
1,197,6
1,198,9
1,199,9
1,200,6
1,201,9
1,202,6
1,203,9
1,204,9
1,205,6
1,206,6
1,207,6
1,208,9
1,209,3
1,210,6
1,211,6
1,212,9
1,213,6
1,214,9
1,215,6
1,216,6
1,217,9
1,218,9
1,219,3
1,220,9
1,221,6
1,222,12
1,223,9
1,224,12
1,225,9
1,226,6
1,227,9
1,228,6
1,229,9
1,230,9
1,231,6
1,232,6
1,233,9
1,234,9
1,235,6
1,236,9
1,237,6
1,238,6
1,239,6
1,240,3
1,241,9
1,242,6
1,243,6
1,244,3
1,245,12
1,246,9
1,247,6
1,248,6
1,249,12
1,250,9
1,251,3
1,252,6
1,253,6
1,254,6
1,255,9
1,256,9
1,257,6
1,258,9
1,259,9
1,260,9
1,261,9
1,262,9
1,263,6
1,264,9
1,265,9
1,266,9
1,267,9
1,268,9
1,269,12
1,270,12
1,271,6
1,272,9
1,273,6
1,274,9
1,275,9
1,276,9
1,277,9
1,278,9
1,279,6
1,280,9
1,281,6
1,282,3
1,283,6
1,284,9
1,285,9
1,286,9
1,287,9
1,288,6
1,289,9
1,290,6
1,291,9
1,292,9
1,293,6
1,294,9
1,295,9
1,296,6
1,297,9
1,298,9
1,299,6
1,300,9
1,301,6
1,302,9
1,303,9
1,304,3
1,305,9
1,306,9
1,307,9
1,308,9
1,309,9
1,310,9
1,311,9
1,312,9
1,313,9
1,314,6
1,315,9
1,316,9
1,317,6
1,318,9
1,319,6
1,320,9
1,321,12
1,322,9
1,323,6
1,324,9
1,325,9
1,326,9
1,327,9
1,328,9
1,329,6
1,330,6
1,331,3
1,332,6
1,333,6
1,334,6
1,335,3
1,336,12
1,337,9
1,338,6
1,339,9
1,340,6
1,341,9
1,342,6
1,343,9
1,344,9
1,345,6
1,346,6
1,347,12
1,348,9
1,349,3
1,350,12
1,351,3
1,352,9
1,353,9
1,354,6
1,355,6
1,356,9
1,357,6
1,358,6
1,359,6
1,360,9
1,361,9
1,362,9
1,363,6
1,364,6
1,365,9
1,366,12
1,367,6
1,368,9
1,369,3
1,370,6
1,371,6
1,372,6
1,373,9
1,374,6
1,375,3
1,376,6
1,377,9
1,378,3
1,379,6
1,380,12
1,381,6
1,382,12
1,383,6
1,384,6
1,385,9
1,386,6
1,387,6
1,388,6
1,389,6
1,390,6
1,391,9
1,392,9
1,393,6
1,394,3
1,395,9
1,396,6
1,397,6
1,398,9
1,399,6
1,400,9
1,401,9
1,402,6
1,403,6
1,404,9
1,405,6
1,406,9
1,407,9
1,408,12
1,409,9
1,410,12
1,411,12
1,412,6
1,413,6
1,414,9
1,415,6
1,416,9
1,417,9
1,418,6
1,419,3
1,420,3
1,421,12
1,422,9
1,423,9
1,424,3
1,425,9
1,426,12
1,427,9
1,428,12
1,429,3
1,430,6
1,431,6
1,432,9
1,433,9
1,434,9
1,435,9
1,436,9
1,437,9
1,438,9
1,439,9
1,440,9
1,441,6
1,442,6
1,443,12
1,444,9
1,445,6
1,446,9
1,447,9
1,448,9
1,449,9
1,450,9
1,451,9
1,452,6
1,453,6
1,454,6
1,455,12
1,456,9
1,457,6
1,458,9
1,459,9
1,460,6
1,461,9
1,462,12
1,463,6
1,464,12
1,465,12
1,466,3
1,467,9
1,468,6
1,469,6
1,470,6
1,471,9
1,472,9
1,473,6
1,474,6
1,475,6
1,476,9
1,477,9
1,478,9
1,479,6
1,480,6
1,481,9
1,482,12
1,483,9
1,484,6
1,485,9
1,486,12
1,487,9
1,488,6
1,489,9
1,490,6
1,491,9
1,492,6
1,493,6
1,494,12
1,495,9
1,496,6
1,497,9
1,498,9
1,499,9
1,500,6
2,1,9
2,2,33
2,3,3
2,4,27
2,5,39
2,6,33
2,7,36
2,8,30
2,9,9
2,10,39
2,11,39
2,12,39
2,13,39
2,14,21
2,15,45
2,16,27
2,17,3
2,18,45
2,19,27
2,20,39
2,21,42
2,22,33
2,23,30
2,24,21
2,25,39
2,26,51
2,27,33
2,28,27
2,29,39
2,30,18
2,31,45
2,32,27
2,33,33
2,34,45
2,35,30
2,36,36
2,37,21
2,38,33
2,39,33
2,40,39
2,41,39
2,42,33
2,43,15
2,44,39
2,45,9
2,46,39
2,47,27
2,48,39
2,49,42
2,50,39
2,51,15
2,52,33
2,53,24
2,54,9
2,55,33
2,56,33
2,57,39
2,58,42
2,59,39
2,60,33
2,61,24
2,62,42
2,63,36
2,64,33
2,65,39
2,66,27
2,67,39
2,68,6
2,69,39
2,70,27
2,71,39
2,72,15
2,73,36
2,74,33
2,75,15
2,76,21
2,77,36
2,78,39
2,79,36
2,80,15
2,81,39
2,82,33
2,83,45
2,84,33
2,85,33
2,86,33
2,87,33
2,88,27
2,89,27
2,90,39
2,91,24
2,92,42
2,93,24
2,94,45
2,95,27
2,96,36
2,97,33
2,98,33
2,99,39
2,100,39
2,101,39
2,102,45
2,103,45
2,104,33
2,105,33
2,106,3
2,107,33
2,108,42
2,109,24
2,110,33
2,111,15
2,112,3
2,113,33
2,114,39
2,115,12
2,116,33
2,117,39
2,118,33
2,119,24
2,120,39
2,121,33
2,122,36
2,123,15
2,124,18
2,125,33
2,126,33
2,127,33
2,128,21
2,129,33
2,130,24
2,131,39
2,132,39
2,133,45
2,134,18
2,135,27
2,136,33
2,137,33
2,138,18
2,139,39
2,140,21
2,141,39
2,142,30
2,143,39
2,144,30
2,145,39
2,146,36
2,147,36
2,148,39
2,149,27
2,150,39
2,151,36
2,152,6
2,153,33
2,154,30
2,155,39
2,156,45
2,157,39
2,158,39
2,159,39
2,160,48
2,161,24
2,162,15
2,163,21
2,164,39
2,165,21
2,166,39
2,167,39
2,168,27
2,169,33
2,170,27
2,171,3
2,172,36
2,173,45
2,174,42
2,175,6
2,176,33
2,177,33
2,178,24
2,179,3
2,180,33
2,181,33
2,182,36
2,183,39
2,184,39
2,185,3
2,186,12
2,187,27
2,188,15
2,189,30
2,190,21
2,191,36
2,192,39
2,193,39
2,194,39
2,195,33
2,196,33
2,197,33
2,198,27
2,199,9
2,200,39
2,201,27
2,202,33
2,203,33
2,204,18
2,205,21
2,206,33
2,207,33
2,208,27
2,209,6
2,210,21
2,211,21
2,212,39
2,213,39
2,214,39
2,215,9
2,216,45
2,217,27
2,218,39
2,219,45
2,220,27
2,221,33
2,222,39
2,223,36
2,224,33
2,225,27
2,226,6
2,227,3
2,228,27
2,229,45
2,230,33
2,231,45
2,232,33
2,233,27
2,234,33
2,235,21
2,236,27
2,237,9
2,238,27
2,239,39
2,240,12
2,241,33
2,242,24
2,243,33
2,244,33
2,245,45
2,246,39
2,247,30
2,248,42
2,249,30
2,250,27
2,251,3
2,252,15
2,253,30
2,254,39
2,255,39
2,256,33
2,257,33
2,258,36
2,259,36
2,260,39
2,261,45
2,262,39
2,263,15
2,264,33
2,265,21
2,266,33
2,267,27
2,268,45
2,269,39
2,270,45
2,271,39
2,272,39
2,273,39
2,274,33
2,275,9
2,276,39
2,277,39
2,278,39
2,279,39
2,280,45
2,281,12
2,282,24
2,283,42
2,284,39
2,285,33
2,286,33
2,287,42
2,288,42
2,289,33
2,290,39
2,291,27
2,292,42
2,293,42
2,294,39
2,295,9
2,296,9
2,297,30
2,298,24
2,299,27
2,300,45
2,301,12
2,302,39
2,303,9
2,304,33
2,305,30
2,306,45
2,307,39
2,308,36
2,309,30
2,310,27
2,311,27
2,312,39
2,313,39
2,314,24
2,315,33
2,316,33
2,317,33
2,318,33
2,319,45
2,320,33
2,321,36
2,322,30
2,323,15
2,324,33
2,325,39
2,326,33
2,327,33
2,328,33
2,329,27
2,330,33
2,331,33
2,332,15
2,333,33
2,334,21
2,335,12
2,336,39
2,337,27
2,338,30
2,339,33
2,340,12
2,341,33
2,342,27
2,343,45
2,344,30
2,345,12
2,346,51
2,347,39
2,348,39
2,349,33
2,350,42
2,351,39
2,352,27
2,353,9
2,354,33
2,355,15
2,356,30
2,357,30
2,358,33
2,359,30
2,360,30
2,361,18
2,362,24
2,363,18
2,364,45
2,365,33
2,366,33
2,367,27
2,368,30
2,369,3
2,370,18
2,371,27
2,372,33
2,373,12
2,374,39
2,375,3
2,376,33
2,377,39
2,378,3
2,379,24
2,380,27
2,381,33
2,382,33
2,383,39
2,384,39
2,385,27
2,386,48
2,387,21
2,388,21
2,389,6
2,390,33
2,391,33
2,392,30
2,393,9
2,394,3
2,395,39
2,396,33
2,397,27
2,398,33
2,399,45
2,400,27
2,401,39
2,402,6
2,403,36
2,404,42
2,405,39
2,406,33
2,407,39
2,408,39
2,409,33
2,410,33
2,411,45
2,412,9
2,413,30
2,414,33
2,415,27
2,416,42
2,417,42
2,418,18
2,419,9
2,420,3
2,421,39
2,422,39
2,423,33
2,424,3
2,425,24
2,426,33
2,427,45
2,428,39
2,429,36
2,430,39
2,431,6
2,432,45
2,433,33
2,434,9
2,435,33
2,436,42
2,437,39
2,438,45
2,439,36
2,440,18
2,441,33
2,442,33
2,443,45
2,444,33
2,445,39
2,446,39
2,447,39
2,448,36
2,449,27
2,450,33
2,451,3
2,452,36
2,453,15
2,454,45
2,455,33
2,456,39
2,457,21
2,458,30
2,459,45
2,460,33
2,461,33
2,462,39
2,463,39
2,464,33
2,465,39
2,466,6
2,467,36
2,468,33
2,469,36
2,470,21
2,471,42
2,472,15
2,473,21
2,474,6
2,475,30
2,476,39
2,477,42
2,478,39
2,479,6
2,480,33
2,481,21
2,482,12
2,483,33
2,484,30
2,485,33
2,486,48
2,487,27
2,488,18
2,489,33
2,490,33
2,491,39
2,492,12
2,493,39
2,494,33
2,495,39
2,496,36
2,497,33
2,498,27
2,499,33
2,500,33
3,1,9
3,2,81
3,3,3
3,4,12
3,5,258
3,6,129
3,7,36
3,8,6
3,9,9
3,10,48
3,11,123
3,12,207
3,13,333
3,14,165
3,15,135
3,16,120
3,17,3
3,18,51
3,19,138
3,20,69
3,21,270
3,22,9
3,23,57
3,24,21
3,25,480
3,26,36
3,27,273
3,28,27
3,29,102
3,30,282
3,31,36
3,32,279
3,33,54
3,34,516
3,35,318
3,36,54
3,37,21
3,38,102
3,39,306
3,40,6
3,41,180
3,42,405
3,43,24
3,44,99
3,45,9
3,46,309
3,47,87
3,48,108
3,49,180
3,50,147
3,51,12
3,52,258
3,53,42
3,54,9
3,55,129
3,56,108
3,57,255
3,58,210
3,59,243
3,60,60
3,61,24
3,62,315
3,63,348
3,64,36
3,65,90
3,66,96
3,67,279
3,68,15
3,69,99
3,70,27
3,71,30
3,72,99
3,73,75
3,74,270
3,75,15
3,76,21
3,77,57
3,78,39
3,79,576
3,80,75
3,81,276
3,82,723
3,83,156
3,84,72
3,85,162
3,86,81
3,87,105
3,88,75
3,89,267
3,90,45
3,91,414
3,92,84
3,93,84
3,94,69
3,95,60
3,96,204
3,97,141
3,98,156
3,99,81
3,100,54
3,101,48
3,102,426
3,103,216
3,104,219
3,105,108
3,106,3
3,107,108
3,108,93
3,109,39
3,110,69
3,111,15
3,112,36
3,113,72
3,114,159
3,115,12
3,116,51
3,117,81
3,118,66
3,119,138
3,120,378
3,121,282
3,122,471
3,123,276
3,124,21
3,125,177
3,126,348
3,127,126
3,128,21
3,129,117
3,130,24
3,131,96
3,132,147
3,133,42
3,134,39
3,135,471
3,136,177
3,137,138
3,138,171
3,139,39
3,140,246
3,141,180
3,142,240
3,143,135
3,144,834
3,145,363
3,146,144
3,147,288
3,148,93
3,149,27
3,150,126
3,151,261
3,152,9
3,153,96
3,154,117
3,155,243
3,156,69
3,157,192
3,158,111
3,159,264
3,160,207
3,161,6
3,162,312
3,163,9
3,164,141
3,165,33
3,166,93
3,167,225
3,168,60
3,169,234
3,170,45
3,171,3
3,172,60
3,173,120
3,174,57
3,175,6
3,176,51
3,177,462
3,178,36
3,179,39
3,180,75
3,181,6
3,182,348
3,183,420
3,184,39
3,185,3
3,186,12
3,187,366
3,188,24
3,189,84
3,190,117
3,191,291
3,192,318
3,193,30
3,194,39
3,195,15
3,196,81
3,197,120
3,198,285
3,199,228
3,200,99
3,201,93
3,202,117
3,203,33
3,204,18
3,205,24
3,206,66
3,207,36
3,208,180
3,209,6
3,210,33
3,211,21
3,212,105
3,213,39
3,214,168
3,215,9
3,216,21
3,217,180
3,218,351
3,219,126
3,220,111
3,221,69
3,222,351
3,223,210
3,224,36
3,225,207
3,226,6
3,227,3
3,228,66
3,229,24
3,230,63
3,231,108
3,232,396
3,233,48
3,234,243
3,235,21
3,236,45
3,237,54
3,238,216
3,239,72
3,240,12
3,241,210
3,242,24
3,243,87
3,244,45
3,245,99
3,246,123
3,247,117
3,248,45
3,249,24
3,250,171
3,251,3
3,252,27
3,253,6
3,254,375
3,255,141
3,256,324
3,257,84
3,258,36
3,259,231
3,260,75
3,261,321
3,262,102
3,263,27
3,264,117
3,265,21
3,266,429
3,267,99
3,268,63
3,269,57
3,270,21
3,271,6
3,272,66
3,273,81
3,274,96
3,275,9
3,276,390
3,277,231
3,278,132
3,279,315
3,280,75
3,281,12
3,282,45
3,283,87
3,284,207
3,285,84
3,286,405
3,287,9
3,288,114
3,289,54
3,290,141
3,291,327
3,292,48
3,293,81
3,294,108
3,295,9
3,296,9
3,297,300
3,298,120
3,299,6
3,300,15
3,301,12
3,302,351
3,303,9
3,304,99
3,305,249
3,306,105
3,307,201
3,308,483
3,309,33
3,310,81
3,311,231
3,312,231
3,313,69
3,314,36
3,315,552
3,316,33
3,317,84
3,318,117
3,319,144
3,320,3
3,321,405
3,322,30
3,323,57
3,324,153
3,325,69
3,326,33
3,327,372
3,328,33
3,329,303
3,330,129
3,331,291
3,332,9
3,333,135
3,334,222
3,335,12
3,336,516
3,337,39
3,338,213
3,339,549
3,340,27
3,341,57
3,342,102
3,343,90
3,344,330
3,345,12
3,346,177
3,347,171
3,348,165
3,349,282
3,350,180
3,351,462
3,352,33
3,353,9
3,354,87
3,355,27
3,356,87
3,357,30
3,358,33
3,359,99
3,360,6
3,361,21
3,362,144
3,363,6
3,364,213
3,365,75
3,366,165
3,367,132
3,368,90
3,369,3
3,370,36
3,371,144
3,372,366
3,373,12
3,374,93
3,375,3
3,376,252
3,377,18
3,378,3
3,379,24
3,380,579
3,381,165
3,382,9
3,383,231
3,384,72
3,385,408
3,386,18
3,387,306
3,388,21
3,389,6
3,390,33
3,391,15
3,392,9
3,393,9
3,394,3
3,395,777
3,396,84
3,397,267
3,398,255
3,399,9
3,400,45
3,401,111
3,402,6
3,403,222
3,404,309
3,405,24
3,406,372
3,407,36
3,408,282
3,409,270
3,410,294
3,411,243
3,412,9
3,413,246
3,414,135
3,415,114
3,416,6
3,417,6
3,418,108
3,419,3
3,420,3
3,421,78
3,422,93
3,423,48
3,424,3
3,425,54
3,426,141
3,427,315
3,428,186
3,429,45
3,430,159
3,431,6
3,432,36
3,433,72
3,434,108
3,435,72
3,436,246
3,437,54
3,438,435
3,439,84
3,440,18
3,441,177
3,442,189
3,443,243
3,444,162
3,445,342
3,446,48
3,447,159
3,448,363
3,449,99
3,450,54
3,451,3
3,452,90
3,453,15
3,454,312
3,455,48
3,456,42
3,457,54
3,458,147
3,459,99
3,460,36
3,461,138
3,462,246
3,463,123
3,464,66
3,465,201
3,466,6
3,467,120
3,468,51
3,469,114
3,470,87
3,471,51
3,472,51
3,473,21
3,474,12
3,475,108
3,476,594
3,477,123
3,478,72
3,479,6
3,480,69
3,481,102
3,482,12
3,483,45
3,484,66
3,485,18
3,486,12
3,487,42
3,488,627
3,489,282
3,490,57
3,491,90
3,492,114
3,493,219
3,494,93
3,495,48
3,496,171
3,497,501
3,498,138
3,499,171
3,500,24
4,1,3
4,2,3
4,3,3
4,4,3
4,5,3
4,6,3
4,7,3
4,8,3
4,9,3
4,10,3
4,11,3
4,12,3
4,13,3
4,14,3
4,15,3
4,16,3
4,17,3
4,18,3
4,19,3
4,20,3
4,21,3
4,22,3
4,23,3
4,24,3
4,25,3
4,26,3
4,27,3
4,28,3
4,29,3
4,30,3
4,31,3
4,32,3
4,33,3
4,34,3
4,35,3
4,36,3
4,37,3
4,38,3
4,39,3
4,40,3
4,41,3
4,42,3
4,43,3
4,44,3
4,45,3
4,46,3
4,47,3
4,48,3
4,49,3
4,50,3
4,51,3
4,52,3
4,53,3
4,54,3
4,55,3
4,56,3
4,57,3
4,58,3
4,59,3
4,60,3
4,61,3
4,62,3
4,63,3
4,64,3
4,65,3
4,66,3
4,67,3
4,68,3
4,69,3
4,70,3
4,71,3
4,72,3
4,73,3
4,74,3
4,75,3
4,76,3
4,77,3
4,78,3
4,79,3
4,80,3
4,81,3
4,82,3
4,83,3
4,84,3
4,85,3
4,86,3
4,87,3
4,88,3
4,89,3
4,90,3
4,91,3
4,92,3
4,93,3
4,94,3
4,95,3
4,96,3
4,97,3
4,98,3
4,99,3
4,100,3
4,101,3
4,102,3
4,103,3
4,104,3
4,105,3
4,106,3
4,107,3
4,108,3
4,109,3
4,110,3
4,111,3
4,112,3
4,113,3
4,114,3
4,115,3
4,116,3
4,117,3
4,118,3
4,119,3
4,120,3
4,121,3
4,122,3
4,123,3
4,124,3
4,125,3
4,126,3
4,127,3
4,128,3
4,129,3
4,130,3
4,131,3
4,132,3
4,133,3
4,134,3
4,135,3
4,136,3
4,137,3
4,138,3
4,139,3
4,140,3
4,141,3
4,142,3
4,143,3
4,144,3
4,145,3
4,146,3
4,147,3
4,148,3
4,149,3
4,150,3
4,151,3
4,152,3
4,153,3
4,154,3
4,155,3
4,156,3
4,157,3
4,158,3
4,159,3
4,160,3
4,161,3
4,162,3
4,163,3
4,164,3
4,165,3
4,166,3
4,167,3
4,168,3
4,169,3
4,170,3
4,171,3
4,172,3
4,173,3
4,174,3
4,175,3
4,176,3
4,177,3
4,178,3
4,179,3
4,180,3
4,181,3
4,182,3
4,183,3
4,184,3
4,185,3
4,186,3
4,187,3
4,188,3
4,189,3
4,190,3
4,191,3
4,192,3
4,193,3
4,194,3
4,195,3
4,196,3
4,197,3
4,198,3
4,199,3
4,200,3
4,201,3
4,202,3
4,203,3
4,204,3
4,205,3
4,206,3
4,207,3
4,208,3
4,209,3
4,210,3
4,211,3
4,212,3
4,213,3
4,214,3
4,215,3
4,216,3
4,217,3
4,218,3
4,219,3
4,220,3
4,221,3
4,222,3
4,223,3
4,224,3
4,225,3
4,226,3
4,227,3
4,228,3
4,229,3
4,230,3
4,231,3
4,232,3
4,233,3
4,234,3
4,235,3
4,236,3
4,237,3
4,238,3
4,239,3
4,240,3
4,241,3
4,242,3
4,243,3
4,244,3
4,245,3
4,246,3
4,247,3
4,248,3
4,249,3
4,250,3
4,251,3
4,252,3
4,253,3
4,254,3
4,255,3
4,256,3
4,257,3
4,258,3
4,259,3
4,260,3
4,261,3
4,262,3
4,263,3
4,264,3
4,265,3
4,266,3
4,267,3
4,268,3
4,269,3
4,270,3
4,271,3
4,272,3
4,273,3
4,274,3
4,275,3
4,276,3
4,277,3
4,278,3
4,279,3
4,280,3
4,281,3
4,282,3
4,283,3
4,284,3
4,285,3
4,286,3
4,287,3
4,288,3
4,289,3
4,290,3
4,291,3
4,292,3
4,293,3
4,294,3
4,295,3
4,296,3
4,297,3
4,298,3
4,299,3
4,300,3
4,301,3
4,302,3
4,303,3
4,304,3
4,305,3
4,306,3
4,307,3
4,308,3
4,309,3
4,310,3
4,311,3
4,312,3
4,313,3
4,314,3
4,315,3
4,316,3
4,317,3
4,318,3
4,319,3
4,320,3
4,321,3
4,322,3
4,323,3
4,324,3
4,325,3
4,326,3
4,327,3
4,328,3
4,329,3
4,330,3
4,331,3
4,332,3
4,333,3
4,334,3
4,335,3
4,336,3
4,337,3
4,338,3
4,339,3
4,340,3
4,341,3
4,342,3
4,343,3
4,344,3
4,345,3
4,346,3
4,347,3
4,348,3
4,349,3
4,350,3
4,351,3
4,352,3
4,353,3
4,354,3
4,355,3
4,356,3
4,357,3
4,358,3
4,359,3
4,360,3
4,361,3
4,362,3
4,363,3
4,364,3
4,365,3
4,366,3
4,367,3
4,368,3
4,369,3
4,370,3
4,371,3
4,372,3
4,373,3
4,374,3
4,375,3
4,376,3
4,377,3
4,378,3
4,379,3
4,380,3
4,381,3
4,382,3
4,383,3
4,384,3
4,385,3
4,386,3
4,387,3
4,388,3
4,389,3
4,390,3
4,391,3
4,392,3
4,393,3
4,394,3
4,395,3
4,396,3
4,397,3
4,398,3
4,399,3
4,400,3
4,401,3
4,402,3
4,403,3
4,404,3
4,405,3
4,406,3
4,407,3
4,408,3
4,409,3
4,410,3
4,411,3
4,412,3
4,413,3
4,414,3
4,415,3
4,416,3
4,417,3
4,418,3
4,419,3
4,420,3
4,421,3
4,422,3
4,423,3
4,424,3
4,425,3
4,426,3
4,427,3
4,428,3
4,429,3
4,430,3
4,431,3
4,432,3
4,433,3
4,434,3
4,435,3
4,436,3
4,437,3
4,438,3
4,439,3
4,440,3
4,441,3
4,442,3
4,443,3
4,444,3
4,445,3
4,446,3
4,447,3
4,448,3
4,449,3
4,450,3
4,451,3
4,452,3
4,453,3
4,454,3
4,455,3
4,456,3
4,457,3
4,458,3
4,459,3
4,460,3
4,461,3
4,462,3
4,463,3
4,464,3
4,465,3
4,466,3
4,467,3
4,468,3
4,469,3
4,470,3
4,471,3
4,472,3
4,473,3
4,474,3
4,475,3
4,476,3
4,477,3
4,478,3
4,479,3
4,480,3
4,481,3
4,482,3
4,483,3
4,484,3
4,485,3
4,486,3
4,487,3
4,488,3
4,489,3
4,490,3
4,491,3
4,492,3
4,493,3
4,494,3
4,495,3
4,496,3
4,497,3
4,498,3
4,499,3
4,500,3
5,1,3
5,2,3
5,3,3
5,4,3
5,5,6
5,6,3
5,7,6
5,8,3
5,9,3
5,10,3
5,11,6
5,12,3
5,13,3
5,14,3
5,15,3
5,16,3
5,17,3
5,18,3
5,19,3
5,20,3
5,21,3
5,22,3
5,23,6
5,24,3
5,25,6
5,26,3
5,27,3
5,28,3
5,29,3
5,30,3
5,31,3
5,32,6
5,33,6
5,34,3
5,35,6
5,36,3
5,37,3
5,38,6
5,39,3
5,40,6
5,41,3
5,42,3
5,43,3
5,44,6
5,45,3
5,46,6
5,47,3
5,48,6
5,49,3
5,50,3
5,51,6
5,52,3
5,53,6
5,54,6
5,55,3
5,56,3
5,57,3
5,58,3
5,59,6
5,60,3
5,61,3
5,62,3
5,63,3
5,64,3
5,65,6
5,66,3
5,67,3
5,68,6
5,69,6
5,70,6
5,71,6
5,72,3
5,73,6
5,74,3
5,75,3
5,76,3
5,77,6
5,78,6
5,79,3
5,80,3
5,81,3
5,82,6
5,83,6
5,84,3
5,85,3
5,86,3
5,87,6
5,88,6
5,89,3
5,90,3
5,91,3
5,92,6
5,93,6
5,94,3
5,95,3
5,96,3
5,97,6
5,98,3
5,99,6
5,100,3
5,101,3
5,102,6
5,103,6
5,104,3
5,105,3
5,106,3
5,107,3
5,108,3
5,109,3
5,110,3
5,111,3
5,112,6
5,113,3
5,114,3
5,115,3
5,116,6
5,117,3
5,118,3
5,119,3
5,120,3
5,121,3
5,122,6
5,123,3
5,124,3
5,125,3
5,126,3
5,127,3
5,128,3
5,129,3
5,130,3
5,131,3
5,132,3
5,133,6
5,134,3
5,135,6
5,136,3
5,137,3
5,138,3
5,139,3
5,140,3
5,141,3
5,142,6
5,143,6
5,144,3
5,145,6
5,146,6
5,147,6
5,148,6
5,149,3
5,150,3
5,151,3
5,152,6
5,153,6
5,154,3
5,155,6
5,156,6
5,157,3
5,158,3
5,159,3
5,160,3
5,161,3
5,162,3
5,163,6
5,164,3
5,165,6
5,166,6
5,167,3
5,168,3
5,169,3
5,170,3
5,171,3
5,172,6
5,173,3
5,174,3
5,175,3
5,176,3
5,177,3
5,178,3
5,179,6
5,180,3
5,181,3
5,182,6
5,183,3
5,184,6
5,185,3
5,186,6
5,187,3
5,188,3
5,189,3
5,190,6
5,191,3
5,192,3
5,193,3
5,194,6
5,195,3
5,196,6
5,197,6
5,198,6
5,199,3
5,200,3
5,201,3
5,202,3
5,203,3
5,204,3
5,205,3
5,206,3
5,207,3
5,208,3
5,209,3
5,210,3
5,211,3
5,212,3
5,213,3
5,214,6
5,215,3
5,216,3
5,217,6
5,218,6
5,219,3
5,220,6
5,221,3
5,222,3
5,223,6
5,224,6
5,225,3
5,226,3
5,227,3
5,228,6
5,229,3
5,230,3
5,231,3
5,232,3
5,233,6
5,234,3
5,235,3
5,236,3
5,237,3
5,238,3
5,239,3
5,240,6
5,241,6
5,242,3
5,243,3
5,244,6
5,245,6
5,246,3
5,247,3
5,248,3
5,249,3
5,250,6
5,251,3
5,252,3
5,253,3
5,254,6
5,255,3
5,256,6
5,257,3
5,258,3
5,259,3
5,260,3
5,261,3
5,262,6
5,263,3
5,264,3
5,265,3
5,266,3
5,267,3
5,268,3
5,269,6
5,270,3
5,271,3
5,272,3
5,273,3
5,274,3
5,275,3
5,276,6
5,277,3
5,278,3
5,279,3
5,280,3
5,281,3
5,282,3
5,283,3
5,284,3
5,285,6
5,286,3
5,287,3
5,288,6
5,289,3
5,290,3
5,291,3
5,292,3
5,293,3
5,294,6
5,295,6
5,296,3
5,297,6
5,298,6
5,299,3
5,300,3
5,301,3
5,302,3
5,303,6
5,304,3
5,305,3
5,306,6
5,307,3
5,308,3
5,309,6
5,310,6
5,311,3
5,312,3
5,313,6
5,314,3
5,315,6
5,316,3
5,317,3
5,318,3
5,319,6
5,320,3
5,321,6
5,322,3
5,323,3
5,324,6
5,325,6
5,326,3
5,327,3
5,328,6
5,329,3
5,330,3
5,331,6
5,332,3
5,333,3
5,334,6
5,335,3
5,336,6
5,337,3
5,338,3
5,339,6
5,340,3
5,341,3
5,342,3
5,343,6
5,344,3
5,345,3
5,346,3
5,347,3
5,348,6
5,349,3
5,350,3
5,351,3
5,352,3
5,353,6
5,354,3
5,355,3
5,356,3
5,357,3
5,358,3
5,359,3
5,360,6
5,361,3
5,362,3
5,363,3
5,364,3
5,365,3
5,366,3
5,367,6
5,368,3
5,369,3
5,370,3
5,371,3
5,372,3
5,373,6
5,374,6
5,375,6
5,376,3
5,377,6
5,378,3
5,379,6
5,380,6
5,381,3
5,382,6
5,383,3
5,384,3
5,385,6
5,386,3
5,387,3
5,388,6
5,389,3
5,390,3
5,391,3
5,392,6
5,393,6
5,394,3
5,395,6
5,396,3
5,397,3
5,398,6
5,399,3
5,400,6
5,401,3
5,402,3
5,403,3
5,404,6
5,405,6
5,406,3
5,407,3
5,408,6
5,409,6
5,410,6
5,411,3
5,412,3
5,413,6
5,414,3
5,415,3
5,416,3
5,417,3
5,418,3
5,419,3
5,420,3
5,421,3
5,422,3
5,423,3
5,424,3
5,425,6
5,426,6
5,427,6
5,428,6
5,429,3
5,430,3
5,431,3
5,432,3
5,433,3
5,434,6
5,435,3
5,436,6
5,437,3
5,438,6
5,439,3
5,440,6
5,441,3
5,442,6
5,443,3
5,444,3
5,445,3
5,446,6
5,447,3
5,448,6
5,449,6
5,450,6
5,451,3
5,452,3
5,453,3
5,454,6
5,455,3
5,456,3
5,457,3
5,458,3
5,459,3
5,460,3
5,461,3
5,462,3
5,463,3
5,464,3
5,465,3
5,466,3
5,467,3
5,468,6
5,469,6
5,470,3
5,471,3
5,472,3
5,473,3
5,474,3
5,475,3
5,476,3
5,477,3
5,478,6
5,479,3
5,480,3
5,481,3
5,482,3
5,483,3
5,484,3
5,485,6
5,486,6
5,487,3
5,488,6
5,489,3
5,490,3
5,491,6
5,492,3
5,493,3
5,494,3
5,495,3
5,496,3
5,497,3
5,498,6
5,499,3
5,500,3
6,1,6
6,2,6
6,3,3
6,4,3
6,5,9
6,6,9
6,7,6
6,8,3
6,9,3
6,10,3
6,11,3
6,12,3
6,13,3
6,14,3
6,15,3
6,16,24
6,17,3
6,18,3
6,19,6
6,20,6
6,21,3
6,22,3
6,23,3
6,24,3
6,25,3
6,26,6
6,27,3
6,28,3
6,29,3
6,30,12
6,31,3
6,32,15
6,33,6
6,34,3
6,35,3
6,36,3
6,37,3
6,38,3
6,39,6
6,40,3
6,41,3
6,42,3
6,43,3
6,44,3
6,45,3
6,46,6
6,47,3
6,48,9
6,49,3
6,50,6
6,51,3
6,52,3
6,53,12
6,54,3
6,55,3
6,56,6
6,57,6
6,58,9
6,59,18
6,60,3
6,61,6
6,62,3
6,63,3
6,64,3
6,65,3
6,66,3
6,67,9
6,68,6
6,69,3
6,70,3
6,71,3
6,72,3
6,73,3
6,74,9
6,75,3
6,76,3
6,77,15
6,78,3
6,79,9
6,80,3
6,81,3
6,82,12
6,83,3
6,84,3
6,85,6
6,86,3
6,87,6
6,88,15
6,89,6
6,90,6
6,91,9
6,92,3
6,93,3
6,94,9
6,95,3
6,96,15
6,97,24
6,98,3
6,99,12
6,100,3
6,101,3
6,102,6
6,103,6
6,104,3
6,105,3
6,106,3
6,107,3
6,108,3
6,109,3
6,110,3
6,111,3
6,112,3
6,113,12
6,114,6
6,115,3
6,116,3
6,117,3
6,118,3
6,119,3
6,120,3
6,121,3
6,122,9
6,123,9
6,124,3
6,125,3
6,126,9
6,127,3
6,128,3
6,129,9
6,130,3
6,131,6
6,132,3
6,133,6
6,134,3
6,135,3
6,136,6
6,137,6
6,138,15
6,139,6
6,140,3
6,141,3
6,142,3
6,143,6
6,144,9
6,145,3
6,146,3
6,147,9
6,148,6
6,149,3
6,150,3
6,151,3
6,152,3
6,153,9
6,154,6
6,155,3
6,156,3
6,157,9
6,158,3
6,159,3
6,160,3
6,161,3
6,162,3
6,163,3
6,164,3
6,165,3
6,166,6
6,167,9
6,168,3
6,169,6
6,170,3
6,171,3
6,172,3
6,173,3
6,174,6
6,175,3
6,176,15
6,177,3
6,178,3
6,179,3
6,180,9
6,181,9
6,182,3
6,183,3
6,184,6
6,185,3
6,186,6
6,187,21
6,188,3
6,189,3
6,190,6
6,191,6
6,192,3
6,193,3
6,194,3
6,195,3
6,196,3
6,197,3
6,198,3
6,199,3
6,200,3
6,201,9
6,202,3
6,203,6
6,204,12
6,205,12
6,206,3
6,207,3
6,208,21
6,209,3
6,210,3
6,211,12
6,212,3
6,213,3
6,214,3
6,215,3
6,216,3
6,217,3
6,218,6
6,219,3
6,220,3
6,221,9
6,222,3
6,223,12
6,224,3
6,225,9
6,226,3
6,227,3
6,228,3
6,229,3
6,230,6
6,231,9
6,232,3
6,233,3
6,234,3
6,235,3
6,236,3
6,237,6
6,238,3
6,239,3
6,240,3
6,241,9
6,242,3
6,243,3
6,244,3
6,245,3
6,246,3
6,247,6
6,248,3
6,249,3
6,250,3
6,251,3
6,252,3
6,253,15
6,254,6
6,255,3
6,256,3
6,257,12
6,258,3
6,259,3
6,260,12
6,261,3
6,262,3
6,263,6
6,264,3
6,265,3
6,266,3
6,267,3
6,268,3
6,269,3
6,270,3
6,271,3
6,272,3
6,273,3
6,274,12
6,275,6
6,276,3
6,277,3
6,278,15
6,279,3
6,280,3
6,281,3
6,282,6
6,283,3
6,284,9
6,285,3
6,286,18
6,287,6
6,288,3
6,289,9
6,290,3
6,291,3
6,292,3
6,293,3
6,294,3
6,295,3
6,296,3
6,297,15
6,298,3
6,299,3
6,300,3
6,301,3
6,302,3
6,303,3
6,304,3
6,305,3
6,306,3
6,307,3
6,308,3
6,309,12
6,310,9
6,311,3
6,312,9
6,313,3
6,314,3
6,315,3
6,316,3
6,317,3
6,318,3
6,319,3
6,320,3
6,321,6
6,322,3
6,323,3
6,324,3
6,325,3
6,326,3
6,327,9
6,328,3
6,329,6
6,330,3
6,331,3
6,332,3
6,333,3
6,334,6
6,335,3
6,336,3
6,337,3
6,338,3
6,339,3
6,340,12
6,341,3
6,342,3
6,343,3
6,344,6
6,345,9
6,346,3
6,347,6
6,348,6
6,349,3
6,350,3
6,351,3
6,352,3
6,353,3
6,354,3
6,355,3
6,356,12
6,357,9
6,358,3
6,359,6
6,360,12
6,361,3
6,362,3
6,363,3
6,364,3
6,365,3
6,366,6
6,367,3
6,368,3
6,369,3
6,370,3
6,371,3
6,372,9
6,373,3
6,374,3
6,375,3
6,376,3
6,377,3
6,378,3
6,379,3
6,380,3
6,381,9
6,382,3
6,383,3
6,384,12
6,385,9
6,386,18
6,387,6
6,388,3
6,389,3
6,390,9
6,391,3
6,392,3
6,393,3
6,394,3
6,395,6
6,396,9
6,397,6
6,398,3
6,399,3
6,400,3
6,401,15
6,402,6
6,403,3
6,404,3
6,405,3
6,406,3
6,407,3
6,408,3
6,409,6
6,410,3
6,411,6
6,412,3
6,413,3
6,414,3
6,415,9
6,416,3
6,417,3
6,418,9
6,419,3
6,420,3
6,421,3
6,422,3
6,423,6
6,424,3
6,425,12
6,426,3
6,427,3
6,428,3
6,429,3
6,430,3
6,431,3
6,432,3
6,433,6
6,434,3
6,435,3
6,436,3
6,437,3
6,438,3
6,439,6
6,440,3
6,441,6
6,442,3
6,443,3
6,444,3
6,445,6
6,446,6
6,447,3
6,448,3
6,449,6
6,450,3
6,451,3
6,452,3
6,453,12
6,454,3
6,455,3
6,456,9
6,457,3
6,458,3
6,459,3
6,460,3
6,461,15
6,462,3
6,463,3
6,464,18
6,465,3
6,466,3
6,467,3
6,468,3
6,469,3
6,470,6
6,471,3
6,472,3
6,473,3
6,474,3
6,475,3
6,476,3
6,477,3
6,478,3
6,479,6
6,480,9
6,481,9
6,482,3
6,483,3
6,484,3
6,485,12
6,486,3
6,487,3
6,488,3
6,489,6
6,490,3
6,491,3
6,492,3
6,493,3
6,494,3
6,495,9
6,496,3
6,497,3
6,498,9
6,499,6
6,500,6
7,1,3
7,2,3
7,3,3
7,4,3
7,5,3
7,6,3
7,7,3
7,8,3
7,9,3
7,10,3
7,11,3
7,12,3
7,13,3
7,14,3
7,15,3
7,16,3
7,17,3
7,18,3
7,19,3
7,20,3
7,21,3
7,22,3
7,23,3
7,24,3
7,25,3
7,26,3
7,27,3
7,28,3
7,29,3
7,30,3
7,31,3
7,32,3
7,33,3
7,34,3
7,35,3
7,36,3
7,37,3
7,38,3
7,39,3
7,40,3
7,41,3
7,42,3
7,43,3
7,44,3
7,45,3
7,46,3
7,47,3
7,48,3
7,49,3
7,50,3
7,51,3
7,52,3
7,53,3
7,54,3
7,55,3
7,56,3
7,57,3
7,58,3
7,59,3
7,60,3
7,61,3
7,62,3
7,63,3
7,64,3
7,65,3
7,66,3
7,67,3
7,68,3
7,69,3
7,70,3
7,71,3
7,72,3
7,73,3
7,74,3
7,75,3
7,76,3
7,77,3
7,78,3
7,79,3
7,80,3
7,81,3
7,82,3
7,83,3
7,84,3
7,85,3
7,86,3
7,87,3
7,88,3
7,89,3
7,90,3
7,91,3
7,92,3
7,93,3
7,94,3
7,95,3
7,96,3
7,97,3
7,98,3
7,99,3
7,100,3
7,101,3
7,102,3
7,103,3
7,104,3
7,105,3
7,106,3
7,107,3
7,108,3
7,109,3
7,110,3
7,111,3
7,112,3
7,113,3
7,114,3
7,115,3
7,116,3
7,117,3
7,118,3
7,119,3
7,120,3
7,121,3
7,122,3
7,123,3
7,124,3
7,125,3
7,126,3
7,127,3
7,128,3
7,129,3
7,130,3
7,131,3
7,132,3
7,133,3
7,134,3
7,135,3
7,136,3
7,137,3
7,138,3
7,139,3
7,140,3
7,141,3
7,142,3
7,143,3
7,144,3
7,145,3
7,146,3
7,147,3
7,148,3
7,149,3
7,150,3
7,151,3
7,152,3
7,153,3
7,154,3
7,155,3
7,156,3
7,157,3
7,158,3
7,159,3
7,160,3
7,161,3
7,162,3
7,163,3
7,164,3
7,165,3
7,166,3
7,167,3
7,168,3
7,169,3
7,170,3
7,171,3
7,172,3
7,173,3
7,174,3
7,175,3
7,176,3
7,177,3
7,178,3
7,179,3
7,180,3
7,181,3
7,182,3
7,183,3
7,184,3
7,185,3
7,186,3
7,187,3
7,188,3
7,189,3
7,190,3
7,191,3
7,192,3
7,193,3
7,194,3
7,195,3
7,196,3
7,197,3
7,198,3
7,199,3
7,200,3
7,201,3
7,202,3
7,203,3
7,204,3
7,205,3
7,206,3
7,207,3
7,208,3
7,209,3
7,210,3
7,211,3
7,212,3
7,213,3
7,214,3
7,215,3
7,216,3
7,217,3
7,218,3
7,219,3
7,220,3
7,221,3
7,222,3
7,223,3
7,224,3
7,225,3
7,226,3
7,227,3
7,228,3
7,229,3
7,230,3
7,231,3
7,232,3
7,233,3
7,234,3
7,235,3
7,236,3
7,237,3
7,238,3
7,239,3
7,240,3
7,241,3
7,242,3
7,243,3
7,244,3
7,245,3
7,246,3
7,247,3
7,248,3
7,249,3
7,250,3
7,251,3
7,252,3
7,253,3
7,254,3
7,255,3
7,256,3
7,257,3
7,258,3
7,259,3
7,260,3
7,261,3
7,262,3
7,263,3
7,264,3
7,265,3
7,266,3
7,267,3
7,268,3
7,269,3
7,270,3
7,271,3
7,272,3
7,273,3
7,274,3
7,275,3
7,276,3
7,277,3
7,278,3
7,279,3
7,280,3
7,281,3
7,282,3
7,283,3
7,284,3
7,285,3
7,286,3
7,287,3
7,288,3
7,289,3
7,290,3
7,291,3
7,292,3
7,293,3
7,294,3
7,295,3
7,296,3
7,297,3
7,298,3
7,299,3
7,300,3
7,301,3
7,302,3
7,303,3
7,304,3
7,305,3
7,306,3
7,307,3
7,308,3
7,309,3
7,310,3
7,311,3
7,312,3
7,313,3
7,314,3
7,315,3
7,316,3
7,317,3
7,318,3
7,319,3
7,320,3
7,321,3
7,322,3
7,323,3
7,324,3
7,325,3
7,326,3
7,327,3
7,328,3
7,329,3
7,330,3
7,331,3
7,332,3
7,333,3
7,334,3
7,335,3
7,336,3
7,337,3
7,338,3
7,339,3
7,340,3
7,341,3
7,342,3
7,343,3
7,344,3
7,345,3
7,346,3
7,347,3
7,348,3
7,349,3
7,350,3
7,351,3
7,352,3
7,353,3
7,354,3
7,355,3
7,356,3
7,357,3
7,358,3
7,359,3
7,360,3
7,361,3
7,362,3
7,363,3
7,364,3
7,365,3
7,366,3
7,367,3
7,368,3
7,369,3
7,370,3
7,371,3
7,372,3
7,373,3
7,374,3
7,375,3
7,376,3
7,377,3
7,378,3
7,379,3
7,380,3
7,381,3
7,382,3
7,383,3
7,384,3
7,385,3
7,386,3
7,387,3
7,388,3
7,389,3
7,390,3
7,391,3
7,392,3
7,393,3
7,394,3
7,395,3
7,396,3
7,397,3
7,398,3
7,399,3
7,400,3
7,401,3
7,402,3
7,403,3
7,404,3
7,405,3
7,406,3
7,407,3
7,408,3
7,409,3
7,410,3
7,411,3
7,412,3
7,413,3
7,414,3
7,415,3
7,416,3
7,417,3
7,418,3
7,419,3
7,420,3
7,421,3
7,422,3
7,423,3
7,424,3
7,425,3
7,426,3
7,427,3
7,428,3
7,429,3
7,430,3
7,431,3
7,432,3
7,433,3
7,434,3
7,435,3
7,436,3
7,437,3
7,438,3
7,439,3
7,440,3
7,441,3
7,442,3
7,443,3
7,444,3
7,445,3
7,446,3
7,447,3
7,448,3
7,449,3
7,450,3
7,451,3
7,452,3
7,453,3
7,454,3
7,455,3
7,456,3
7,457,3
7,458,3
7,459,3
7,460,3
7,461,3
7,462,3
7,463,3
7,464,3
7,465,3
7,466,3
7,467,3
7,468,3
7,469,3
7,470,3
7,471,3
7,472,3
7,473,3
7,474,3
7,475,3
7,476,3
7,477,3
7,478,3
7,479,3
7,480,3
7,481,3
7,482,3
7,483,3
7,484,3
7,485,3
7,486,3
7,487,3
7,488,3
7,489,3
7,490,3
7,491,3
7,492,3
7,493,3
7,494,3
7,495,3
7,496,3
7,497,3
7,498,3
7,499,3
7,500,3
8,1,9
8,2,78
8,3,3
8,4,6
8,5,156
8,6,39
8,7,21
8,8,48
8,9,9
8,10,84
8,11,54
8,12,30
8,13,60
8,14,51
8,15,84
8,16,60
8,17,3
8,18,45
8,19,57
8,20,45
8,21,27
8,22,63
8,23,57
8,24,21
8,25,33
8,26,36
8,27,57
8,28,27
8,29,63
8,30,48
8,31,33
8,32,39
8,33,54
8,34,45
8,35,42
8,36,42
8,37,21
8,38,45
8,39,69
8,40,6
8,41,66
8,42,75
8,43,24
8,44,48
8,45,9
8,46,60
8,47,42
8,48,51
8,49,78
8,50,51
8,51,12
8,52,57
8,53,42
8,54,9
8,55,54
8,56,48
8,57,72
8,58,87
8,59,72
8,60,51
8,61,24
8,62,72
8,63,39
8,64,33
8,65,54
8,66,33
8,67,51
8,68,6
8,69,72
8,70,27
8,71,45
8,72,48
8,73,60
8,74,39
8,75,15
8,76,21
8,77,39
8,78,45
8,79,57
8,80,57
8,81,60
8,82,39
8,83,81
8,84,45
8,85,60
8,86,66
8,87,54
8,88,27
8,89,33
8,90,45
8,91,45
8,92,72
8,93,39
8,94,48
8,95,42
8,96,48
8,97,54
8,98,48
8,99,48
8,100,90
8,101,45
8,102,27
8,103,60
8,104,60
8,105,33
8,106,3
8,107,33
8,108,51
8,109,33
8,110,36
8,111,15
8,112,3
8,113,27
8,114,84
8,115,12
8,116,51
8,117,45
8,118,63
8,119,33
8,120,111
8,121,42
8,122,36
8,123,63
8,124,21
8,125,36
8,126,123
8,127,126
8,128,21
8,129,39
8,130,24
8,131,96
8,132,72
8,133,69
8,134,39
8,135,39
8,136,54
8,137,78
8,138,42
8,139,39
8,140,54
8,141,39
8,142,51
8,143,42
8,144,36
8,145,87
8,146,60
8,147,33
8,148,54
8,149,27
8,150,45
8,151,36
8,152,9
8,153,45
8,154,45
8,155,69
8,156,42
8,157,87
8,158,30
8,159,33
8,160,48
8,161,6
8,162,57
8,163,9
8,164,63
8,165,45
8,166,54
8,167,60
8,168,27
8,169,102
8,170,24
8,171,3
8,172,60
8,173,39
8,174,48
8,175,6
8,176,48
8,177,63
8,178,30
8,179,3
8,180,114
8,181,39
8,182,30
8,183,66
8,184,30
8,185,3
8,186,12
8,187,30
8,188,102
8,189,39
8,190,24
8,191,36
8,192,39
8,193,30
8,194,42
8,195,15
8,196,57
8,197,48
8,198,36
8,199,93
8,200,54
8,201,63
8,202,39
8,203,33
8,204,18
8,205,24
8,206,66
8,207,36
8,208,27
8,209,6
8,210,33
8,211,21
8,212,96
8,213,39
8,214,75
8,215,9
8,216,21
8,217,90
8,218,90
8,219,39
8,220,81
8,221,57
8,222,33
8,223,57
8,224,36
8,225,39
8,226,6
8,227,3
8,228,66
8,229,24
8,230,63
8,231,39
8,232,81
8,233,48
8,234,36
8,235,21
8,236,27
8,237,45
8,238,48
8,239,42
8,240,12
8,241,18
8,242,24
8,243,27
8,244,33
8,245,45
8,246,54
8,247,24
8,248,45
8,249,39
8,250,27
8,251,3
8,252,15
8,253,42
8,254,57
8,255,45
8,256,57
8,257,33
8,258,36
8,259,45
8,260,21
8,261,63
8,262,48
8,263,24
8,264,39
8,265,21
8,266,57
8,267,30
8,268,54
8,269,39
8,270,21
8,271,66
8,272,54
8,273,30
8,274,57
8,275,9
8,276,48
8,277,66
8,278,30
8,279,54
8,280,54
8,281,12
8,282,42
8,283,30
8,284,69
8,285,84
8,286,111
8,287,63
8,288,120
8,289,54
8,290,51
8,291,24
8,292,48
8,293,42
8,294,36
8,295,81
8,296,9
8,297,54
8,298,84
8,299,18
8,300,36
8,301,12
8,302,78
8,303,9
8,304,42
8,305,60
8,306,39
8,307,78
8,308,63
8,309,39
8,310,24
8,311,57
8,312,45
8,313,48
8,314,36
8,315,36
8,316,33
8,317,30
8,318,60
8,319,39
8,320,57
8,321,75
8,322,30
8,323,39
8,324,84
8,325,54
8,326,36
8,327,30
8,328,30
8,329,60
8,330,27
8,331,75
8,332,15
8,333,45
8,334,39
8,335,12
8,336,36
8,337,39
8,338,27
8,339,48
8,340,27
8,341,24
8,342,63
8,343,39
8,344,39
8,345,12
8,346,78
8,347,51
8,348,54
8,349,39
8,350,48
8,351,63
8,352,42
8,353,9
8,354,36
8,355,72
8,356,33
8,357,30
8,358,33
8,359,39
8,360,33
8,361,21
8,362,24
8,363,18
8,364,45
8,365,81
8,366,51
8,367,39
8,368,60
8,369,3
8,370,36
8,371,69
8,372,69
8,373,12
8,374,69
8,375,3
8,376,48
8,377,18
8,378,3
8,379,24
8,380,42
8,381,36
8,382,9
8,383,39
8,384,39
8,385,48
8,386,18
8,387,45
8,388,21
8,389,18
8,390,33
8,391,24
8,392,30
8,393,9
8,394,3
8,395,57
8,396,30
8,397,18
8,398,36
8,399,42
8,400,48
8,401,87
8,402,6
8,403,36
8,404,39
8,405,27
8,406,36
8,407,36
8,408,78
8,409,102
8,410,39
8,411,48
8,412,9
8,413,30
8,414,78
8,415,51
8,416,6
8,417,33
8,418,18
8,419,15
8,420,3
8,421,42
8,422,60
8,423,42
8,424,3
8,425,48
8,426,39
8,427,63
8,428,42
8,429,36
8,430,99
8,431,6
8,432,33
8,433,72
8,434,66
8,435,36
8,436,84
8,437,54
8,438,42
8,439,42
8,440,18
8,441,36
8,442,66
8,443,48
8,444,36
8,445,36
8,446,45
8,447,33
8,448,57
8,449,78
8,450,39
8,451,3
8,452,36
8,453,15
8,454,39
8,455,39
8,456,24
8,457,54
8,458,45
8,459,54
8,460,24
8,461,33
8,462,63
8,463,33
8,464,36
8,465,57
8,466,6
8,467,81
8,468,42
8,469,39
8,470,60
8,471,39
8,472,48
8,473,21
8,474,6
8,475,54
8,476,27
8,477,105
8,478,75
8,479,6
8,480,66
8,481,48
8,482,12
8,483,48
8,484,24
8,485,51
8,486,12
8,487,42
8,488,36
8,489,60
8,490,36
8,491,36
8,492,63
8,493,57
8,494,48
8,495,48
8,496,36
8,497,39
8,498,51
8,499,66
8,500,63
9,1,9
9,2,366
9,3,3
9,4,6
9,5,258
9,6,141
9,7,36
9,8,135
9,9,9
9,10,48
9,11,123
9,12,207
9,13,543
9,14,165
9,15,138
9,16,123
9,17,3
9,18,51
9,19,138
9,20,603
9,21,270
9,22,264
9,23,180
9,24,21
9,25,294
9,26,36
9,27,273
9,28,369
9,29,102
9,30,69
9,31,108
9,32,279
9,33,54
9,34,399
9,35,42
9,36,54
9,37,21
9,38,102
9,39,432
9,40,6
9,41,180
9,42,105
9,43,24
9,44,99
9,45,9
9,46,309
9,47,87
9,48,108
9,49,522
9,50,93
9,51,12
9,52,258
9,53,42
9,54,9
9,55,129
9,56,108
9,57,255
9,58,216
9,59,243
9,60,120
9,61,24
9,62,492
9,63,324
9,64,36
9,65,90
9,66,108
9,67,279
9,68,6
9,69,99
9,70,27
9,71,252
9,72,99
9,73,75
9,74,306
9,75,15
9,76,21
9,77,57
9,78,39
9,79,189
9,80,69
9,81,138
9,82,735
9,83,156
9,84,72
9,85,162
9,86,81
9,87,105
9,88,27
9,89,267
9,90,45
9,91,414
9,92,459
9,93,24
9,94,69
9,95,258
9,96,204
9,97,141
9,98,549
9,99,81
9,100,54
9,101,48
9,102,294
9,103,216
9,104,60
9,105,108
9,106,3
9,107,144
9,108,93
9,109,39
9,110,69
9,111,15
9,112,3
9,113,240
9,114,159
9,115,12
9,116,483
9,117,81
9,118,66
9,119,156
9,120,297
9,121,444
9,122,426
9,123,276
9,124,21
9,125,300
9,126,348
9,127,51
9,128,21
9,129,246
9,130,24
9,131,96
9,132,147
9,133,135
9,134,39
9,135,54
9,136,363
9,137,591
9,138,120
9,139,39
9,140,246
9,141,180
9,142,240
9,143,135
9,144,834
9,145,336
9,146,630
9,147,378
9,148,96
9,149,27
9,150,207
9,151,261
9,152,9
9,153,96
9,154,120
9,155,243
9,156,198
9,157,192
9,158,96
9,159,270
9,160,273
9,161,6
9,162,342
9,163,9
9,164,141
9,165,33
9,166,183
9,167,87
9,168,60
9,169,408
9,170,45
9,171,3
9,172,60
9,173,144
9,174,51
9,175,6
9,176,36
9,177,33
9,178,36
9,179,3
9,180,75
9,181,39
9,182,222
9,183,477
9,184,39
9,185,3
9,186,12
9,187,285
9,188,201
9,189,84
9,190,105
9,191,291
9,192,414
9,193,30
9,194,39
9,195,15
9,196,81
9,197,120
9,198,285
9,199,504
9,200,99
9,201,90
9,202,117
9,203,306
9,204,18
9,205,24
9,206,66
9,207,36
9,208,141
9,209,6
9,210,33
9,211,21
9,212,105
9,213,39
9,214,174
9,215,9
9,216,21
9,217,180
9,218,351
9,219,306
9,220,198
9,221,69
9,222,351
9,223,210
9,224,117
9,225,198
9,226,6
9,227,3
9,228,66
9,229,24
9,230,63
9,231,108
9,232,399
9,233,48
9,234,243
9,235,21
9,236,45
9,237,207
9,238,216
9,239,72
9,240,12
9,241,210
9,242,24
9,243,183
9,244,45
9,245,99
9,246,522
9,247,129
9,248,45
9,249,60
9,250,417
9,251,3
9,252,15
9,253,246
9,254,150
9,255,141
9,256,324
9,257,84
9,258,36
9,259,36
9,260,105
9,261,321
9,262,102
9,263,27
9,264,117
9,265,21
9,266,432
9,267,99
9,268,171
9,269,33
9,270,21
9,271,69
9,272,66
9,273,81
9,274,96
9,275,9
9,276,390
9,277,231
9,278,132
9,279,141
9,280,75
9,281,12
9,282,57
9,283,87
9,284,207
9,285,84
9,286,312
9,287,552
9,288,114
9,289,54
9,290,210
9,291,330
9,292,48
9,293,81
9,294,108
9,295,294
9,296,9
9,297,297
9,298,120
9,299,63
9,300,84
9,301,12
9,302,351
9,303,9
9,304,99
9,305,255
9,306,159
9,307,201
9,308,483
9,309,51
9,310,81
9,311,231
9,312,234
9,313,69
9,314,36
9,315,558
9,316,123
9,317,84
9,318,816
9,319,162
9,320,123
9,321,405
9,322,30
9,323,57
9,324,153
9,325,294
9,326,30
9,327,165
9,328,33
9,329,312
9,330,444
9,331,291
9,332,15
9,333,135
9,334,408
9,335,12
9,336,516
9,337,39
9,338,282
9,339,552
9,340,27
9,341,57
9,342,651
9,343,90
9,344,330
9,345,12
9,346,177
9,347,171
9,348,177
9,349,282
9,350,285
9,351,462
9,352,42
9,353,9
9,354,87
9,355,96
9,356,138
9,357,30
9,358,33
9,359,96
9,360,177
9,361,21
9,362,123
9,363,18
9,364,378
9,365,75
9,366,165
9,367,132
9,368,90
9,369,3
9,370,36
9,371,444
9,372,366
9,373,12
9,374,654
9,375,3
9,376,252
9,377,54
9,378,3
9,379,24
9,380,579
9,381,165
9,382,9
9,383,231
9,384,84
9,385,255
9,386,18
9,387,306
9,388,21
9,389,18
9,390,159
9,391,24
9,392,30
9,393,9
9,394,3
9,395,777
9,396,84
9,397,201
9,398,255
9,399,96
9,400,189
9,401,111
9,402,6
9,403,222
9,404,309
9,405,24
9,406,216
9,407,36
9,408,282
9,409,186
9,410,294
9,411,243
9,412,9
9,413,354
9,414,78
9,415,114
9,416,6
9,417,75
9,418,108
9,419,15
9,420,3
9,421,234
9,422,90
9,423,48
9,424,3
9,425,57
9,426,333
9,427,282
9,428,201
9,429,45
9,430,159
9,431,6
9,432,36
9,433,72
9,434,108
9,435,90
9,436,225
9,437,54
9,438,504
9,439,126
9,440,18
9,441,630
9,442,189
9,443,243
9,444,180
9,445,342
9,446,48
9,447,159
9,448,363
9,449,36
9,450,78
9,451,3
9,452,306
9,453,15
9,454,312
9,455,48
9,456,42
9,457,54
9,458,147
9,459,99
9,460,384
9,461,264
9,462,261
9,463,123
9,464,369
9,465,414
9,466,6
9,467,120
9,468,51
9,469,114
9,470,87
9,471,51
9,472,51
9,473,21
9,474,6
9,475,108
9,476,747
9,477,123
9,478,72
9,479,6
9,480,69
9,481,102
9,482,12
9,483,45
9,484,57
9,485,186
9,486,12
9,487,42
9,488,492
9,489,723
9,490,57
9,491,330
9,492,129
9,493,219
9,494,48
9,495,48
9,496,171
9,497,516
9,498,138
9,499,294
9,500,81
10,1,9
10,2,150
10,3,3
10,4,6
10,5,63
10,6,105
10,7,36
10,8,90
10,9,9
10,10,57
10,11,111
10,12,39
10,13,99
10,14,78
10,15,138
10,16,111
10,17,3
10,18,45
10,19,36
10,20,66
10,21,144
10,22,186
10,23,57
10,24,21
10,25,150
10,26,36
10,27,102
10,28,27
10,29,72
10,30,24
10,31,60
10,32,42
10,33,54
10,34,66
10,35,60
10,36,54
10,37,21
10,38,36
10,39,24
10,40,6
10,41,78
10,42,57
10,43,24
10,44,99
10,45,9
10,46,87
10,47,48
10,48,54
10,49,111
10,50,231
10,51,15
10,52,78
10,53,42
10,54,9
10,55,33
10,56,60
10,57,57
10,58,63
10,59,141
10,60,87
10,61,24
10,62,54
10,63,48
10,64,36
10,65,90
10,66,72
10,67,96
10,68,6
10,69,84
10,70,27
10,71,111
10,72,99
10,73,69
10,74,72
10,75,15
10,76,21
10,77,57
10,78,39
10,79,27
10,80,69
10,81,60
10,82,78
10,83,111
10,84,72
10,85,30
10,86,81
10,87,105
10,88,27
10,89,57
10,90,27
10,91,84
10,92,24
10,93,24
10,94,48
10,95,24
10,96,42
10,97,120
10,98,102
10,99,57
10,100,24
10,101,48
10,102,81
10,103,24
10,104,51
10,105,63
10,106,3
10,107,189
10,108,129
10,109,39
10,110,102
10,111,15
10,112,3
10,113,72
10,114,30
10,115,12
10,116,51
10,117,51
10,118,66
10,119,87
10,120,105
10,121,111
10,122,72
10,123,138
10,124,21
10,125,138
10,126,78
10,127,96
10,128,21
10,129,192
10,130,24
10,131,90
10,132,36
10,133,96
10,134,39
10,135,66
10,136,66
10,137,129
10,138,120
10,139,39
10,140,18
10,141,108
10,142,51
10,143,51
10,144,48
10,145,51
10,146,60
10,147,78
10,148,51
10,149,27
10,150,102
10,151,36
10,152,9
10,153,96
10,154,117
10,155,60
10,156,69
10,157,51
10,158,48
10,159,156
10,160,60
10,161,6
10,162,36
10,163,9
10,164,78
10,165,33
10,166,102
10,167,87
10,168,114
10,169,78
10,170,45
10,171,3
10,172,60
10,173,96
10,174,51
10,175,6
10,176,36
10,177,126
10,178,36
10,179,3
10,180,75
10,181,39
10,182,63
10,183,39
10,184,33
10,185,3
10,186,12
10,187,42
10,188,24
10,189,84
10,190,105
10,191,129
10,192,75
10,193,30
10,194,39
10,195,15
10,196,81
10,197,81
10,198,57
10,199,141
10,200,75
10,201,63
10,202,117
10,203,33
10,204,18
10,205,24
10,206,36
10,207,36
10,208,72
10,209,6
10,210,33
10,211,21
10,212,72
10,213,39
10,214,66
10,215,9
10,216,21
10,217,93
10,218,57
10,219,66
10,220,102
10,221,42
10,222,96
10,223,99
10,224,36
10,225,123
10,226,6
10,227,3
10,228,66
10,229,24
10,230,63
10,231,96
10,232,60
10,233,48
10,234,69
10,235,21
10,236,30
10,237,54
10,238,129
10,239,33
10,240,12
10,241,75
10,242,24
10,243,45
10,244,45
10,245,99
10,246,117
10,247,39
10,248,45
10,249,42
10,250,27
10,251,3
10,252,15
10,253,36
10,254,66
10,255,87
10,256,135
10,257,75
10,258,36
10,259,36
10,260,30
10,261,117
10,262,90
10,263,27
10,264,117
10,265,21
10,266,168
10,267,99
10,268,87
10,269,120
10,270,21
10,271,48
10,272,66
10,273,96
10,274,42
10,275,9
10,276,39
10,277,87
10,278,87
10,279,120
10,280,33
10,281,12
10,282,42
10,283,33
10,284,51
10,285,84
10,286,84
10,287,60
10,288,84
10,289,54
10,290,129
10,291,66
10,292,36
10,293,81
10,294,108
10,295,21
10,296,9
10,297,87
10,298,120
10,299,63
10,300,63
10,301,12
10,302,21
10,303,9
10,304,45
10,305,237
10,306,90
10,307,51
10,308,72
10,309,33
10,310,48
10,311,66
10,312,39
10,313,63
10,314,36
10,315,93
10,316,123
10,317,72
10,318,51
10,319,39
10,320,108
10,321,303
10,322,30
10,323,57
10,324,93
10,325,102
10,326,33
10,327,120
10,328,33
10,329,102
10,330,120
10,331,84
10,332,15
10,333,120
10,334,84
10,335,12
10,336,87
10,337,39
10,338,27
10,339,201
10,340,27
10,341,57
10,342,69
10,343,63
10,344,75
10,345,12
10,346,111
10,347,165
10,348,63
10,349,123
10,350,213
10,351,135
10,352,21
10,353,9
10,354,51
10,355,81
10,356,84
10,357,30
10,358,33
10,359,99
10,360,126
10,361,21
10,362,114
10,363,18
10,364,45
10,365,69
10,366,66
10,367,78
10,368,30
10,369,3
10,370,36
10,371,72
10,372,108
10,373,12
10,374,93
10,375,3
10,376,51
10,377,54
10,378,3
10,379,24
10,380,63
10,381,42
10,382,9
10,383,87
10,384,48
10,385,69
10,386,18
10,387,93
10,388,21
10,389,18
10,390,33
10,391,24
10,392,27
10,393,9
10,394,3
10,395,48
10,396,81
10,397,51
10,398,57
10,399,84
10,400,45
10,401,111
10,402,6
10,403,75
10,404,36
10,405,24
10,406,33
10,407,36
10,408,72
10,409,45
10,410,42
10,411,99
10,412,9
10,413,48
10,414,72
10,415,33
10,416,6
10,417,75
10,418,18
10,419,15
10,420,3
10,421,60
10,422,93
10,423,42
10,424,3
10,425,54
10,426,90
10,427,45
10,428,63
10,429,45
10,430,63
10,431,6
10,432,36
10,433,72
10,434,108
10,435,90
10,436,57
10,437,54
10,438,63
10,439,84
10,440,18
10,441,30
10,442,111
10,443,117
10,444,24
10,445,81
10,446,48
10,447,69
10,448,87
10,449,93
10,450,54
10,451,3
10,452,123
10,453,15
10,454,27
10,455,48
10,456,42
10,457,54
10,458,108
10,459,96
10,460,84
10,461,138
10,462,174
10,463,66
10,464,36
10,465,144
10,466,6
10,467,81
10,468,51
10,469,111
10,470,63
10,471,33
10,472,51
10,473,21
10,474,6
10,475,168
10,476,60
10,477,108
10,478,21
10,479,6
10,480,69
10,481,21
10,482,12
10,483,75
10,484,57
10,485,123
10,486,12
10,487,42
10,488,219
10,489,69
10,490,57
10,491,72
10,492,114
10,493,36
10,494,36
10,495,48
10,496,75
10,497,75
10,498,81
10,499,45
10,500,81
11,1,9
11,2,21
11,3,3
11,4,6
11,5,15
11,6,9
11,7,21
11,8,27
11,9,9
11,10,24
11,11,12
11,12,24
11,13,21
11,14,36
11,15,24
11,16,27
11,17,3
11,18,9
11,19,12
11,20,15
11,21,18
11,22,9
11,23,24
11,24,15
11,25,18
11,26,30
11,27,24
11,28,12
11,29,6
11,30,48
11,31,12
11,32,6
11,33,33
11,34,6
11,35,12
11,36,21
11,37,15
11,38,6
11,39,27
11,40,6
11,41,12
11,42,30
11,43,9
11,44,21
11,45,9
11,46,12
11,47,15
11,48,6
11,49,42
11,50,9
11,51,12
11,52,21
11,53,18
11,54,9
11,55,21
11,56,24
11,57,9
11,58,12
11,59,6
11,60,9
11,61,21
11,62,27
11,63,24
11,64,9
11,65,12
11,66,15
11,67,18
11,68,6
11,69,9
11,70,12
11,71,30
11,72,15
11,73,15
11,74,33
11,75,12
11,76,9
11,77,18
11,78,12
11,79,51
11,80,27
11,81,27
11,82,12
11,83,18
11,84,18
11,85,6
11,86,12
11,87,21
11,88,21
11,89,21
11,90,12
11,91,21
11,92,21
11,93,3
11,94,9
11,95,30
11,96,39
11,97,12
11,98,12
11,99,18
11,100,12
11,101,6
11,102,21
11,103,9
11,104,9
11,105,9
11,106,3
11,107,21
11,108,15
11,109,12
11,110,6
11,111,9
11,112,3
11,113,6
11,114,24
11,115,12
11,116,27
11,117,18
11,118,15
11,119,18
11,120,24
11,121,30
11,122,36
11,123,12
11,124,21
11,125,15
11,126,24
11,127,15
11,128,18
11,129,12
11,130,27
11,131,36
11,132,18
11,133,15
11,134,12
11,135,18
11,136,6
11,137,51
11,138,15
11,139,27
11,140,15
11,141,21
11,142,12
11,143,27
11,144,15
11,145,27
11,146,9
11,147,42
11,148,12
11,149,9
11,150,45
11,151,18
11,152,12
11,153,30
11,154,21
11,155,51
11,156,18
11,157,12
11,158,15
11,159,18
11,160,15
11,161,6
11,162,18
11,163,9
11,164,27
11,165,24
11,166,36
11,167,6
11,168,18
11,169,21
11,170,21
11,171,3
11,172,27
11,173,24
11,174,18
11,175,6
11,176,6
11,177,18
11,178,12
11,179,3
11,180,27
11,181,12
11,182,21
11,183,24
11,184,24
11,185,3
11,186,12
11,187,9
11,188,18
11,189,30
11,190,12
11,191,15
11,192,12
11,193,9
11,194,15
11,195,15
11,196,18
11,197,9
11,198,12
11,199,15
11,200,12
11,201,15
11,202,12
11,203,15
11,204,18
11,205,12
11,206,21
11,207,12
11,208,9
11,209,6
11,210,12
11,211,21
11,212,21
11,213,15
11,214,21
11,215,9
11,216,21
11,217,15
11,218,12
11,219,15
11,220,39
11,221,6
11,222,12
11,223,15
11,224,30
11,225,18
11,226,6
11,227,3
11,228,48
11,229,12
11,230,27
11,231,27
11,232,9
11,233,30
11,234,21
11,235,9
11,236,21
11,237,27
11,238,9
11,239,15
11,240,9
11,241,9
11,242,24
11,243,33
11,244,15
11,245,18
11,246,18
11,247,27
11,248,33
11,249,33
11,250,24
11,251,3
11,252,27
11,253,12
11,254,15
11,255,15
11,256,18
11,257,12
11,258,15
11,259,18
11,260,27
11,261,6
11,262,21
11,263,27
11,264,33
11,265,15
11,266,15
11,267,21
11,268,18
11,269,18
11,270,21
11,271,42
11,272,15
11,273,6
11,274,12
11,275,9
11,276,21
11,277,30
11,278,30
11,279,12
11,280,15
11,281,9
11,282,21
11,283,12
11,284,24
11,285,12
11,286,21
11,287,15
11,288,15
11,289,18
11,290,6
11,291,24
11,292,6
11,293,9
11,294,15
11,295,18
11,296,9
11,297,9
11,298,21
11,299,9
11,300,21
11,301,12
11,302,15
11,303,9
11,304,18
11,305,18
11,306,21
11,307,15
11,308,18
11,309,21
11,310,72
11,311,15
11,312,21
11,313,9
11,314,15
11,315,9
11,316,21
11,317,18
11,318,15
11,319,12
11,320,39
11,321,24
11,322,15
11,323,15
11,324,18
11,325,24
11,326,15
11,327,21
11,328,9
11,329,9
11,330,15
11,331,33
11,332,15
11,333,6
11,334,18
11,335,12
11,336,9
11,337,9
11,338,21
11,339,24
11,340,27
11,341,30
11,342,33
11,343,15
11,344,33
11,345,12
11,346,12
11,347,18
11,348,15
11,349,15
11,350,27
11,351,15
11,352,12
11,353,9
11,354,30
11,355,12
11,356,21
11,357,30
11,358,21
11,359,18
11,360,12
11,361,21
11,362,18
11,363,18
11,364,12
11,365,30
11,366,30
11,367,18
11,368,27
11,369,3
11,370,9
11,371,9
11,372,24
11,373,12
11,374,6
11,375,3
11,376,12
11,377,36
11,378,3
11,379,21
11,380,21
11,381,27
11,382,6
11,383,27
11,384,9
11,385,24
11,386,18
11,387,12
11,388,9
11,389,12
11,390,21
11,391,18
11,392,6
11,393,9
11,394,3
11,395,9
11,396,30
11,397,21
11,398,39
11,399,18
11,400,12
11,401,54
11,402,6
11,403,18
11,404,9
11,405,18
11,406,12
11,407,12
11,408,18
11,409,21
11,410,9
11,411,36
11,412,6
11,413,24
11,414,27
11,415,15
11,416,6
11,417,15
11,418,18
11,419,15
11,420,3
11,421,15
11,422,15
11,423,24
11,424,3
11,425,15
11,426,15
11,427,12
11,428,12
11,429,12
11,430,24
11,431,6
11,432,24
11,433,30
11,434,21
11,435,27
11,436,21
11,437,9
11,438,42
11,439,15
11,440,18
11,441,18
11,442,15
11,443,12
11,444,12
11,445,18
11,446,15
11,447,21
11,448,24
11,449,30
11,450,27
11,451,3
11,452,27
11,453,9
11,454,6
11,455,9
11,456,18
11,457,6
11,458,24
11,459,6
11,460,36
11,461,15
11,462,15
11,463,30
11,464,30
11,465,21
11,466,6
11,467,15
11,468,18
11,469,6
11,470,15
11,471,27
11,472,30
11,473,18
11,474,12
11,475,12
11,476,6
11,477,24
11,478,9
11,479,6
11,480,12
11,481,9
11,482,12
11,483,24
11,484,15
11,485,18
11,486,12
11,487,18
11,488,51
11,489,24
11,490,36
11,491,3
11,492,9
11,493,39
11,494,27
11,495,9
11,496,30
11,497,36
11,498,15
11,499,15
11,500,48
12,1,9
12,2,30
12,3,3
12,4,6
12,5,9
12,6,21
12,7,18
12,8,21
12,9,18
12,10,18
12,11,18
12,12,18
12,13,24
12,14,12
12,15,30
12,16,48
12,17,3
12,18,12
12,19,24
12,20,21
12,21,18
12,22,30
12,23,27
12,24,21
12,25,24
12,26,21
12,27,9
12,28,27
12,29,6
12,30,33
12,31,12
12,32,45
12,33,21
12,34,21
12,35,30
12,36,18
12,37,12
12,38,21
12,39,21
12,40,6
12,41,36
12,42,27
12,43,15
12,44,21
12,45,9
12,46,18
12,47,15
12,48,21
12,49,18
12,50,33
12,51,18
12,52,27
12,53,21
12,54,9
12,55,12
12,56,21
12,57,15
12,58,21
12,59,27
12,60,18
12,61,24
12,62,51
12,63,33
12,64,12
12,65,18
12,66,27
12,67,24
12,68,6
12,69,36
12,70,9
12,71,12
12,72,24
12,73,42
12,74,15
12,75,9
12,76,21
12,77,30
12,78,21
12,79,21
12,80,9
12,81,21
12,82,18
12,83,12
12,84,15
12,85,21
12,86,36
12,87,21
12,88,18
12,89,27
12,90,39
12,91,12
12,92,27
12,93,18
12,94,18
12,95,51
12,96,18
12,97,27
12,98,21
12,99,18
12,100,18
12,101,24
12,102,18
12,103,30
12,104,42
12,105,27
12,106,3
12,107,12
12,108,27
12,109,21
12,110,18
12,111,18
12,112,3
12,113,27
12,114,24
12,115,12
12,116,27
12,117,12
12,118,60
12,119,24
12,120,24
12,121,21
12,122,18
12,123,15
12,124,15
12,125,36
12,126,45
12,127,24
12,128,21
12,129,15
12,130,24
12,131,39
12,132,15
12,133,18
12,134,15
12,135,21
12,136,21
12,137,12
12,138,12
12,139,33
12,140,27
12,141,33
12,142,18
12,143,18
12,144,36
12,145,21
12,146,24
12,147,15
12,148,12
12,149,27
12,150,15
12,151,12
12,152,9
12,153,24
12,154,18
12,155,21
12,156,21
12,157,18
12,158,18
12,159,24
12,160,12
12,161,6
12,162,9
12,163,9
12,164,24
12,165,24
12,166,12
12,167,24
12,168,21
12,169,15
12,170,36
12,171,3
12,172,30
12,173,33
12,174,21
12,175,6
12,176,24
12,177,24
12,178,24
12,179,3
12,180,21
12,181,15
12,182,21
12,183,21
12,184,18
12,185,3
12,186,9
12,187,33
12,188,24
12,189,18
12,190,12
12,191,39
12,192,30
12,193,24
12,194,9
12,195,9
12,196,21
12,197,21
12,198,24
12,199,9
12,200,36
12,201,15
12,202,12
12,203,39
12,204,12
12,205,24
12,206,15
12,207,9
12,208,12
12,209,6
12,210,9
12,211,9
12,212,12
12,213,30
12,214,9
12,215,9
12,216,21
12,217,39
12,218,21
12,219,12
12,220,15
12,221,9
12,222,24
12,223,12
12,224,18
12,225,15
12,226,6
12,227,3
12,228,21
12,229,9
12,230,12
12,231,42
12,232,12
12,233,12
12,234,60
12,235,9
12,236,21
12,237,60
12,238,12
12,239,24
12,240,12
12,241,21
12,242,15
12,243,15
12,244,39
12,245,18
12,246,6
12,247,18
12,248,24
12,249,18
12,250,15
12,251,3
12,252,15
12,253,12
12,254,36
12,255,9
12,256,6
12,257,12
12,258,27
12,259,24
12,260,36
12,261,15
12,262,24
12,263,12
12,264,24
12,265,18
12,266,36
12,267,15
12,268,18
12,269,27
12,270,12
12,271,27
12,272,27
12,273,21
12,274,18
12,275,9
12,276,24
12,277,24
12,278,21
12,279,18
12,280,18
12,281,12
12,282,18
12,283,36
12,284,15
12,285,12
12,286,24
12,287,9
12,288,27
12,289,24
12,290,21
12,291,21
12,292,18
12,293,6
12,294,48
12,295,33
12,296,9
12,297,15
12,298,21
12,299,15
12,300,21
12,301,12
12,302,24
12,303,9
12,304,36
12,305,24
12,306,39
12,307,9
12,308,15
12,309,21
12,310,24
12,311,21
12,312,51
12,313,27
12,314,36
12,315,18
12,316,51
12,317,9
12,318,36
12,319,21
12,320,36
12,321,42
12,322,21
12,323,21
12,324,27
12,325,24
12,326,30
12,327,18
12,328,18
12,329,12
12,330,18
12,331,18
12,332,15
12,333,15
12,334,36
12,335,12
12,336,33
12,337,15
12,338,27
12,339,48
12,340,9
12,341,15
12,342,18
12,343,42
12,344,15
12,345,24
12,346,24
12,347,18
12,348,30
12,349,15
12,350,18
12,351,21
12,352,18
12,353,9
12,354,30
12,355,15
12,356,9
12,357,15
12,358,21
12,359,15
12,360,15
12,361,21
12,362,15
12,363,18
12,364,51
12,365,27
12,366,24
12,367,12
12,368,15
12,369,3
12,370,9
12,371,27
12,372,24
12,373,12
12,374,15
12,375,3
12,376,30
12,377,30
12,378,3
12,379,18
12,380,21
12,381,72
12,382,9
12,383,15
12,384,12
12,385,24
12,386,18
12,387,24
12,388,18
12,389,12
12,390,18
12,391,15
12,392,15
12,393,9
12,394,3
12,395,9
12,396,27
12,397,30
12,398,12
12,399,27
12,400,12
12,401,39
12,402,6
12,403,18
12,404,27
12,405,24
12,406,21
12,407,18
12,408,15
12,409,18
12,410,24
12,411,15
12,412,9
12,413,21
12,414,24
12,415,21
12,416,6
12,417,12
12,418,9
12,419,9
12,420,3
12,421,12
12,422,18
12,423,39
12,424,3
12,425,15
12,426,18
12,427,42
12,428,12
12,429,9
12,430,12
12,431,6
12,432,21
12,433,48
12,434,21
12,435,39
12,436,15
12,437,18
12,438,21
12,439,18
12,440,18
12,441,27
12,442,12
12,443,18
12,444,12
12,445,21
12,446,24
12,447,12
12,448,30
12,449,27
12,450,24
12,451,3
12,452,21
12,453,15
12,454,12
12,455,18
12,456,27
12,457,33
12,458,15
12,459,30
12,460,36
12,461,69
12,462,21
12,463,45
12,464,15
12,465,45
12,466,6
12,467,15
12,468,24
12,469,33
12,470,15
12,471,15
12,472,21
12,473,18
12,474,6
12,475,27
12,476,30
12,477,30
12,478,12
12,479,6
12,480,36
12,481,21
12,482,12
12,483,21
12,484,12
12,485,18
12,486,12
12,487,18
12,488,18
12,489,27
12,490,12
12,491,18
12,492,12
12,493,9
12,494,27
12,495,12
12,496,27
12,497,21
12,498,21
12,499,30
12,500,24
13,1,9
13,2,114
13,3,3
13,4,6
13,5,105
13,6,129
13,7,36
13,8,72
13,9,9
13,10,66
13,11,123
13,12,120
13,13,93
13,14,114
13,15,60
13,16,120
13,17,3
13,18,51
13,19,138
13,20,69
13,21,207
13,22,96
13,23,57
13,24,21
13,25,231
13,26,36
13,27,138
13,28,27
13,29,102
13,30,69
13,31,84
13,32,102
13,33,54
13,34,78
13,35,201
13,36,54
13,37,21
13,38,102
13,39,93
13,40,6
13,41,114
13,42,174
13,43,24
13,44,78
13,45,9
13,46,75
13,47,39
13,48,75
13,49,96
13,50,75
13,51,15
13,52,117
13,53,42
13,54,9
13,55,129
13,56,93
13,57,213
13,58,72
13,59,114
13,60,63
13,61,24
13,62,96
13,63,318
13,64,36
13,65,90
13,66,54
13,67,156
13,68,6
13,69,99
13,70,27
13,71,219
13,72,99
13,73,75
13,74,144
13,75,15
13,76,21
13,77,57
13,78,96
13,79,84
13,80,69
13,81,96
13,82,117
13,83,45
13,84,54
13,85,153
13,86,81
13,87,105
13,88,27
13,89,87
13,90,45
13,91,141
13,92,105
13,93,24
13,94,69
13,95,57
13,96,162
13,97,39
13,98,147
13,99,81
13,100,54
13,101,48
13,102,222
13,103,51
13,104,69
13,105,108
13,106,3
13,107,234
13,108,108
13,109,39
13,110,93
13,111,15
13,112,3
13,113,36
13,114,159
13,115,12
13,116,102
13,117,75
13,118,66
13,119,156
13,120,87
13,121,162
13,122,132
13,123,189
13,124,21
13,125,201
13,126,54
13,127,120
13,128,21
13,129,54
13,130,24
13,131,42
13,132,111
13,133,135
13,134,39
13,135,54
13,136,27
13,137,123
13,138,51
13,139,39
13,140,48
13,141,228
13,142,87
13,143,111
13,144,111
13,145,165
13,146,126
13,147,132
13,148,93
13,149,27
13,150,36
13,151,36
13,152,9
13,153,96
13,154,120
13,155,36
13,156,69
13,157,192
13,158,93
13,159,72
13,160,144
13,161,6
13,162,153
13,163,9
13,164,123
13,165,33
13,166,48
13,167,153
13,168,123
13,169,114
13,170,45
13,171,3
13,172,60
13,173,69
13,174,51
13,175,6
13,176,36
13,177,123
13,178,39
13,179,3
13,180,75
13,181,39
13,182,30
13,183,132
13,184,39
13,185,3
13,186,12
13,187,132
13,188,201
13,189,120
13,190,120
13,191,36
13,192,141
13,193,30
13,194,39
13,195,15
13,196,81
13,197,36
13,198,93
13,199,183
13,200,99
13,201,96
13,202,99
13,203,33
13,204,18
13,205,24
13,206,144
13,207,36
13,208,54
13,209,6
13,210,54
13,211,21
13,212,105
13,213,39
13,214,144
13,215,9
13,216,21
13,217,168
13,218,96
13,219,117
13,220,96
13,221,69
13,222,33
13,223,132
13,224,36
13,225,69
13,226,6
13,227,3
13,228,66
13,229,24
13,230,75
13,231,126
13,232,114
13,233,48
13,234,105
13,235,21
13,236,45
13,237,51
13,238,159
13,239,105
13,240,12
13,241,126
13,242,24
13,243,87
13,244,45
13,245,90
13,246,39
13,247,36
13,248,45
13,249,24
13,250,90
13,251,3
13,252,15
13,253,120
13,254,108
13,255,96
13,256,105
13,257,45
13,258,36
13,259,129
13,260,105
13,261,39
13,262,102
13,263,54
13,264,72
13,265,21
13,266,78
13,267,99
13,268,120
13,269,57
13,270,21
13,271,69
13,272,66
13,273,45
13,274,96
13,275,9
13,276,162
13,277,93
13,278,66
13,279,114
13,280,75
13,281,12
13,282,45
13,283,57
13,284,138
13,285,153
13,286,84
13,287,132
13,288,75
13,289,51
13,290,141
13,291,132
13,292,75
13,293,81
13,294,90
13,295,252
13,296,9
13,297,129
13,298,93
13,299,63
13,300,99
13,301,12
13,302,87
13,303,9
13,304,99
13,305,93
13,306,90
13,307,156
13,308,105
13,309,51
13,310,72
13,311,126
13,312,156
13,313,72
13,314,36
13,315,69
13,316,33
13,317,84
13,318,117
13,319,78
13,320,57
13,321,147
13,322,30
13,323,57
13,324,99
13,325,192
13,326,33
13,327,42
13,328,33
13,329,144
13,330,78
13,331,156
13,332,15
13,333,117
13,334,156
13,335,12
13,336,135
13,337,39
13,338,93
13,339,198
13,340,27
13,341,57
13,342,78
13,343,132
13,344,111
13,345,12
13,346,177
13,347,63
13,348,153
13,349,126
13,350,63
13,351,180
13,352,36
13,353,9
13,354,81
13,355,96
13,356,84
13,357,30
13,358,33
13,359,96
13,360,102
13,361,21
13,362,63
13,363,18
13,364,120
13,365,78
13,366,84
13,367,132
13,368,126
13,369,3
13,370,36
13,371,144
13,372,126
13,373,12
13,374,45
13,375,3
13,376,156
13,377,54
13,378,3
13,379,24
13,380,150
13,381,75
13,382,9
13,383,156
13,384,96
13,385,75
13,386,18
13,387,135
13,388,21
13,389,18
13,390,132
13,391,24
13,392,30
13,393,9
13,394,3
13,395,225
13,396,84
13,397,108
13,398,93
13,399,60
13,400,45
13,401,33
13,402,6
13,403,93
13,404,114
13,405,24
13,406,90
13,407,60
13,408,96
13,409,168
13,410,60
13,411,144
13,412,9
13,413,54
13,414,51
13,415,84
13,416,6
13,417,75
13,418,18
13,419,15
13,420,3
13,421,75
13,422,93
13,423,48
13,424,3
13,425,54
13,426,69
13,427,63
13,428,117
13,429,45
13,430,222
13,431,6
13,432,36
13,433,72
13,434,105
13,435,90
13,436,87
13,437,54
13,438,183
13,439,84
13,440,18
13,441,120
13,442,111
13,443,180
13,444,132
13,445,132
13,446,48
13,447,159
13,448,246
13,449,99
13,450,54
13,451,3
13,452,90
13,453,15
13,454,90
13,455,108
13,456,42
13,457,54
13,458,72
13,459,60
13,460,36
13,461,108
13,462,90
13,463,93
13,464,66
13,465,120
13,466,6
13,467,114
13,468,51
13,469,90
13,470,84
13,471,51
13,472,51
13,473,21
13,474,6
13,475,90
13,476,177
13,477,84
13,478,72
13,479,6
13,480,69
13,481,102
13,482,12
13,483,93
13,484,99
13,485,57
13,486,12
13,487,42
13,488,186
13,489,162
13,490,57
13,491,90
13,492,114
13,493,123
13,494,93
13,495,48
13,496,114
13,497,189
13,498,24
13,499,171
13,500,81
14,1,3
14,2,9
14,3,3
14,4,3
14,5,9
14,6,6
14,7,3
14,8,3
14,9,3
14,10,3
14,11,3
14,12,3
14,13,3
14,14,3
14,15,3
14,16,3
14,17,3
14,18,3
14,19,3
14,20,3
14,21,6
14,22,3
14,23,3
14,24,3
14,25,3
14,26,3
14,27,3
14,28,3
14,29,3
14,30,3
14,31,6
14,32,9
14,33,6
14,34,6
14,35,6
14,36,3
14,37,3
14,38,3
14,39,6
14,40,3
14,41,3
14,42,6
14,43,3
14,44,3
14,45,3
14,46,6
14,47,3
14,48,3
14,49,3
14,50,3
14,51,6
14,52,3
14,53,3
14,54,3
14,55,3
14,56,3
14,57,3
14,58,3
14,59,3
14,60,3
14,61,3
14,62,3
14,63,6
14,64,3
14,65,3
14,66,3
14,67,3
14,68,3
14,69,3
14,70,3
14,71,3
14,72,3
14,73,3
14,74,6
14,75,3
14,76,3
14,77,3
14,78,3
14,79,6
14,80,3
14,81,3
14,82,3
14,83,3
14,84,3
14,85,6
14,86,3
14,87,3
14,88,3
14,89,3
14,90,6
14,91,6
14,92,3
14,93,3
14,94,3
14,95,3
14,96,3
14,97,9
14,98,3
14,99,3
14,100,3
14,101,3
14,102,3
14,103,3
14,104,3
14,105,3
14,106,3
14,107,3
14,108,3
14,109,3
14,110,3
14,111,3
14,112,3
14,113,3
14,114,3
14,115,6
14,116,3
14,117,3
14,118,3
14,119,6
14,120,3
14,121,3
14,122,3
14,123,6
14,124,6
14,125,3
14,126,3
14,127,3
14,128,3
14,129,3
14,130,3
14,131,3
14,132,3
14,133,6
14,134,3
14,135,3
14,136,3
14,137,6
14,138,9
14,139,3
14,140,6
14,141,3
14,142,3
14,143,3
14,144,3
14,145,3
14,146,3
14,147,3
14,148,12
14,149,6
14,150,3
14,151,3
14,152,3
14,153,3
14,154,6
14,155,3
14,156,3
14,157,3
14,158,6
14,159,9
14,160,6
14,161,3
14,162,3
14,163,3
14,164,3
14,165,3
14,166,3
14,167,6
14,168,6
14,169,3
14,170,3
14,171,3
14,172,3
14,173,3
14,174,3
14,175,3
14,176,3
14,177,3
14,178,3
14,179,3
14,180,3
14,181,3
14,182,3
14,183,3
14,184,3
14,185,3
14,186,3
14,187,3
14,188,3
14,189,3
14,190,6
14,191,3
14,192,3
14,193,3
14,194,3
14,195,3
14,196,9
14,197,3
14,198,3
14,199,6
14,200,3
14,201,3
14,202,3
14,203,6
14,204,3
14,205,3
14,206,3
14,207,3
14,208,3
14,209,3
14,210,3
14,211,3
14,212,6
14,213,3
14,214,6
14,215,3
14,216,3
14,217,3
14,218,6
14,219,3
14,220,3
14,221,3
14,222,3
14,223,6
14,224,3
14,225,3
14,226,3
14,227,6
14,228,3
14,229,3
14,230,9
14,231,3
14,232,9
14,233,3
14,234,6
14,235,3
14,236,6
14,237,3
14,238,3
14,239,3
14,240,3
14,241,6
14,242,6
14,243,3
14,244,3
14,245,3
14,246,3
14,247,3
14,248,3
14,249,3
14,250,3
14,251,3
14,252,3
14,253,3
14,254,3
14,255,3
14,256,3
14,257,3
14,258,3
14,259,3
14,260,6
14,261,3
14,262,3
14,263,3
14,264,3
14,265,3
14,266,3
14,267,6
14,268,3
14,269,6
14,270,3
14,271,3
14,272,3
14,273,3
14,274,6
14,275,3
14,276,3
14,277,3
14,278,6
14,279,3
14,280,3
14,281,6
14,282,3
14,283,3
14,284,6
14,285,3
14,286,3
14,287,6
14,288,3
14,289,6
14,290,3
14,291,3
14,292,3
14,293,3
14,294,3
14,295,3
14,296,3
14,297,3
14,298,12
14,299,6
14,300,3
14,301,6
14,302,3
14,303,3
14,304,6
14,305,3
14,306,6
14,307,3
14,308,3
14,309,3
14,310,9
14,311,6
14,312,3
14,313,3
14,314,3
14,315,3
14,316,3
14,317,3
14,318,3
14,319,3
14,320,3
14,321,3
14,322,3
14,323,3
14,324,3
14,325,3
14,326,3
14,327,6
14,328,3
14,329,3
14,330,6
14,331,6
14,332,3
14,333,6
14,334,6
14,335,9
14,336,3
14,337,3
14,338,3
14,339,3
14,340,3
14,341,3
14,342,3
14,343,3
14,344,6
14,345,6
14,346,3
14,347,6
14,348,3
14,349,3
14,350,3
14,351,3
14,352,3
14,353,3
14,354,3
14,355,3
14,356,3
14,357,3
14,358,3
14,359,3
14,360,3
14,361,3
14,362,3
14,363,6
14,364,3
14,365,3
14,366,3
14,367,3
14,368,3
14,369,3
14,370,6
14,371,3
14,372,6
14,373,3
14,374,3
14,375,3
14,376,3
14,377,12
14,378,3
14,379,6
14,380,3
14,381,3
14,382,3
14,383,3
14,384,3
14,385,3
14,386,9
14,387,3
14,388,3
14,389,3
14,390,3
14,391,3
14,392,3
14,393,6
14,394,3
14,395,3
14,396,6
14,397,6
14,398,3
14,399,3
14,400,3
14,401,3
14,402,3
14,403,6
14,404,9
14,405,3
14,406,3
14,407,3
14,408,6
14,409,3
14,410,3
14,411,6
14,412,3
14,413,3
14,414,3
14,415,3
14,416,3
14,417,3
14,418,3
14,419,3
14,420,3
14,421,6
14,422,6
14,423,3
14,424,3
14,425,6
14,426,6
14,427,3
14,428,3
14,429,3
14,430,6
14,431,3
14,432,6
14,433,3
14,434,3
14,435,3
14,436,3
14,437,3
14,438,3
14,439,3
14,440,3
14,441,3
14,442,3
14,443,3
14,444,3
14,445,3
14,446,6
14,447,3
14,448,3
14,449,3
14,450,3
14,451,3
14,452,3
14,453,3
14,454,3
14,455,3
14,456,3
14,457,3
14,458,3
14,459,6
14,460,3
14,461,3
14,462,3
14,463,3
14,464,3
14,465,3
14,466,3
14,467,3
14,468,6
14,469,3
14,470,3
14,471,3
14,472,3
14,473,3
14,474,3
14,475,3
14,476,3
14,477,3
14,478,3
14,479,3
14,480,3
14,481,3
14,482,9
14,483,3
14,484,3
14,485,3
14,486,3
14,487,3
14,488,9
14,489,3
14,490,3
14,491,3
14,492,3
14,493,6
14,494,6
14,495,3
14,496,3
14,497,3
14,498,3
14,499,9
14,500,3
15,1,9
15,2,780
15,3,3
15,4,6
15,5,255
15,6,129
15,7,36
15,8,117
15,9,9
15,10,246
15,11,123
15,12,207
15,13,543
15,14,165
15,15,102
15,16,123
15,17,3
15,18,51
15,19,138
15,20,222
15,21,270
15,22,270
15,23,57
15,24,21
15,25,480
15,26,36
15,27,273
15,28,639
15,29,102
15,30,282
15,31,108
15,32,279
15,33,54
15,34,516
15,35,318
15,36,54
15,37,18
15,38,102
15,39,438
15,40,6
15,41,366
15,42,105
15,43,24
15,44,99
15,45,9
15,46,309
15,47,87
15,48,81
15,49,192
15,50,249
15,51,12
15,52,258
15,53,42
15,54,9
15,55,129
15,56,108
15,57,45
15,58,159
15,59,243
15,60,60
15,61,24
15,62,315
15,63,324
15,64,36
15,65,90
15,66,96
15,67,279
15,68,6
15,69,99
15,70,27
15,71,219
15,72,99
15,73,75
15,74,270
15,75,15
15,76,21
15,77,57
15,78,39
15,79,576
15,80,69
15,81,138
15,82,363
15,83,156
15,84,72
15,85,162
15,86,81
15,87,9
15,88,207
15,89,267
15,90,45
15,91,177
15,92,84
15,93,60
15,94,69
15,95,123
15,96,204
15,97,141
15,98,246
15,99,81
15,100,228
15,101,48
15,102,414
15,103,216
15,104,219
15,105,108
15,106,3
15,107,549
15,108,93
15,109,24
15,110,69
15,111,12
15,112,3
15,113,240
15,114,159
15,115,12
15,116,324
15,117,81
15,118,66
15,119,138
15,120,378
15,121,240
15,122,471
15,123,48
15,124,18
15,125,177
15,126,348
15,127,126
15,128,21
15,129,246
15,130,24
15,131,96
15,132,147
15,133,135
15,134,60
15,135,72
15,136,177
15,137,429
15,138,120
15,139,39
15,140,471
15,141,333
15,142,321
15,143,69
15,144,51
15,145,363
15,146,630
15,147,288
15,148,96
15,149,27
15,150,207
15,151,276
15,152,9
15,153,96
15,154,117
15,155,240
15,156,69
15,157,192
15,158,111
15,159,264
15,160,207
15,161,6
15,162,312
15,163,9
15,164,141
15,165,33
15,166,186
15,167,225
15,168,123
15,169,441
15,170,45
15,171,3
15,172,60
15,173,144
15,174,57
15,175,6
15,176,264
15,177,639
15,178,36
15,179,3
15,180,75
15,181,30
15,182,348
15,183,135
15,184,39
15,185,3
15,186,12
15,187,36
15,188,24
15,189,84
15,190,120
15,191,390
15,192,129
15,193,30
15,194,39
15,195,15
15,196,81
15,197,120
15,198,285
15,199,504
15,200,99
15,201,90
15,202,117
15,203,33
15,204,18
15,205,24
15,206,66
15,207,18
15,208,258
15,209,6
15,210,33
15,211,132
15,212,120
15,213,39
15,214,174
15,215,9
15,216,21
15,217,180
15,218,372
15,219,699
15,220,198
15,221,69
15,222,351
15,223,210
15,224,36
15,225,198
15,226,6
15,227,3
15,228,66
15,229,24
15,230,63
15,231,399
15,232,399
15,233,48
15,234,243
15,235,21
15,236,45
15,237,54
15,238,195
15,239,72
15,240,12
15,241,210
15,242,24
15,243,6
15,244,45
15,245,99
15,246,84
15,247,117
15,248,45
15,249,51
15,250,417
15,251,3
15,252,12
15,253,6
15,254,150
15,255,141
15,256,324
15,257,84
15,258,36
15,259,225
15,260,105
15,261,213
15,262,90
15,263,24
15,264,117
15,265,21
15,266,429
15,267,99
15,268,99
15,269,27
15,270,21
15,271,6
15,272,66
15,273,81
15,274,96
15,275,9
15,276,390
15,277,228
15,278,87
15,279,141
15,280,75
15,281,12
15,282,45
15,283,87
15,284,201
15,285,84
15,286,312
15,287,249
15,288,174
15,289,54
15,290,141
15,291,27
15,292,30
15,293,81
15,294,108
15,295,9
15,296,9
15,297,66
15,298,120
15,299,6
15,300,84
15,301,12
15,302,480
15,303,9
15,304,147
15,305,255
15,306,90
15,307,201
15,308,513
15,309,33
15,310,81
15,311,66
15,312,231
15,313,69
15,314,36
15,315,192
15,316,33
15,317,84
15,318,132
15,319,213
15,320,123
15,321,405
15,322,30
15,323,21
15,324,153
15,325,294
15,326,33
15,327,372
15,328,33
15,329,336
15,330,402
15,331,291
15,332,15
15,333,135
15,334,360
15,335,12
15,336,39
15,337,39
15,338,213
15,339,552
15,340,27
15,341,39
15,342,651
15,343,90
15,344,312
15,345,12
15,346,144
15,347,117
15,348,165
15,349,288
15,350,180
15,351,462
15,352,21
15,353,9
15,354,87
15,355,27
15,356,87
15,357,36
15,358,33
15,359,99
15,360,159
15,361,21
15,362,24
15,363,6
15,364,213
15,365,75
15,366,165
15,367,132
15,368,90
15,369,3
15,370,36
15,371,444
15,372,366
15,373,12
15,374,93
15,375,3
15,376,252
15,377,18
15,378,3
15,379,24
15,380,621
15,381,165
15,382,9
15,383,234
15,384,87
15,385,459
15,386,18
15,387,303
15,388,21
15,389,18
15,390,33
15,391,24
15,392,573
15,393,792
15,394,3
15,395,777
15,396,147
15,397,6
15,398,63
15,399,96
15,400,189
15,401,111
15,402,333
15,403,57
15,404,174
15,405,24
15,406,216
15,407,60
15,408,282
15,409,177
15,410,231
15,411,243
15,412,9
15,413,390
15,414,198
15,415,99
15,416,6
15,417,75
15,418,18
15,419,3
15,420,3
15,421,234
15,422,93
15,423,48
15,424,3
15,425,54
15,426,348
15,427,282
15,428,285
15,429,126
15,430,159
15,431,6
15,432,36
15,433,72
15,434,135
15,435,90
15,436,249
15,437,54
15,438,504
15,439,84
15,440,18
15,441,915
15,442,189
15,443,243
15,444,159
15,445,342
15,446,48
15,447,159
15,448,39
15,449,99
15,450,54
15,451,3
15,452,306
15,453,15
15,454,312
15,455,48
15,456,42
15,457,54
15,458,147
15,459,333
15,460,36
15,461,255
15,462,246
15,463,123
15,464,66
15,465,150
15,466,6
15,467,120
15,468,51
15,469,114
15,470,87
15,471,12
15,472,15
15,473,21
15,474,12
15,475,177
15,476,594
15,477,273
15,478,72
15,479,6
15,480,360
15,481,102
15,482,12
15,483,30
15,484,99
15,485,411
15,486,12
15,487,36
15,488,627
15,489,555
15,490,57
15,491,330
15,492,114
15,493,186
15,494,111
15,495,48
15,496,171
15,497,495
15,498,138
15,499,987
15,500,81
16,1,9
16,2,54
16,3,3
16,4,6
16,5,45
16,6,54
16,7,36
16,8,45
16,9,9
16,10,48
16,11,63
16,12,45
16,13,39
16,14,9
16,15,27
16,16,15
16,17,3
16,18,51
16,19,54
16,20,48
16,21,15
16,22,9
16,23,57
16,24,21
16,25,15
16,26,36
16,27,42
16,28,27
16,29,15
16,30,66
16,31,57
16,32,24
16,33,33
16,34,30
16,35,33
16,36,45
16,37,21
16,38,33
16,39,69
16,40,6
16,41,24
16,42,36
16,43,24
16,44,72
16,45,9
16,46,15
16,47,33
16,48,6
16,49,39
16,50,90
16,51,15
16,52,51
16,53,39
16,54,9
16,55,33
16,56,42
16,57,12
16,58,15
16,59,18
16,60,54
16,61,24
16,62,15
16,63,15
16,64,36
16,65,36
16,66,69
16,67,33
16,68,6
16,69,99
16,70,27
16,71,21
16,72,39
16,73,57
16,74,75
16,75,15
16,76,21
16,77,18
16,78,27
16,79,57
16,80,51
16,81,42
16,82,60
16,83,21
16,84,15
16,85,18
16,86,33
16,87,18
16,88,27
16,89,33
16,90,24
16,91,36
16,92,39
16,93,24
16,94,45
16,95,21
16,96,48
16,97,54
16,98,33
16,99,45
16,100,9
16,101,39
16,102,9
16,103,30
16,104,42
16,105,33
16,106,3
16,107,99
16,108,42
16,109,39
16,110,21
16,111,15
16,112,3
16,113,15
16,114,24
16,115,12
16,116,30
16,117,45
16,118,48
16,119,123
16,120,45
16,121,30
16,122,63
16,123,24
16,124,21
16,125,9
16,126,45
16,127,21
16,128,18
16,129,21
16,130,24
16,131,24
16,132,27
16,133,24
16,134,12
16,135,39
16,136,72
16,137,96
16,138,42
16,139,36
16,140,48
16,141,36
16,142,45
16,143,18
16,144,27
16,145,51
16,146,30
16,147,27
16,148,48
16,149,27
16,150,78
16,151,27
16,152,9
16,153,18
16,154,63
16,155,24
16,156,57
16,157,54
16,158,81
16,159,51
16,160,30
16,161,6
16,162,27
16,163,9
16,164,18
16,165,12
16,166,36
16,167,30
16,168,15
16,169,114
16,170,39
16,171,3
16,172,57
16,173,39
16,174,15
16,175,6
16,176,36
16,177,117
16,178,36
16,179,3
16,180,45
16,181,30
16,182,27
16,183,60
16,184,39
16,185,3
16,186,12
16,187,15
16,188,45
16,189,12
16,190,30
16,191,27
16,192,66
16,193,30
16,194,36
16,195,15
16,196,81
16,197,12
16,198,30
16,199,21
16,200,33
16,201,33
16,202,15
16,203,33
16,204,18
16,205,21
16,206,66
16,207,36
16,208,12
16,209,6
16,210,33
16,211,21
16,212,27
16,213,39
16,214,54
16,215,9
16,216,21
16,217,9
16,218,21
16,219,60
16,220,9
16,221,30
16,222,69
16,223,54
16,224,36
16,225,21
16,226,6
16,227,3
16,228,48
16,229,24
16,230,9
16,231,12
16,232,39
16,233,45
16,234,18
16,235,21
16,236,45
16,237,54
16,238,36
16,239,12
16,240,12
16,241,21
16,242,24
16,243,45
16,244,39
16,245,99
16,246,39
16,247,51
16,248,27
16,249,51
16,250,18
16,251,3
16,252,15
16,253,21
16,254,15
16,255,39
16,256,39
16,257,36
16,258,30
16,259,45
16,260,27
16,261,42
16,262,63
16,263,27
16,264,75
16,265,21
16,266,15
16,267,63
16,268,63
16,269,18
16,270,21
16,271,18
16,272,42
16,273,45
16,274,96
16,275,9
16,276,18
16,277,27
16,278,108
16,279,42
16,280,57
16,281,12
16,282,45
16,283,42
16,284,51
16,285,27
16,286,27
16,287,45
16,288,21
16,289,54
16,290,108
16,291,60
16,292,48
16,293,39
16,294,30
16,295,33
16,296,9
16,297,42
16,298,36
16,299,63
16,300,48
16,301,12
16,302,27
16,303,9
16,304,45
16,305,60
16,306,12
16,307,195
16,308,63
16,309,33
16,310,39
16,311,24
16,312,21
16,313,51
16,314,36
16,315,42
16,316,66
16,317,84
16,318,48
16,319,24
16,320,48
16,321,12
16,322,30
16,323,15
16,324,36
16,325,39
16,326,30
16,327,69
16,328,33
16,329,33
16,330,36
16,331,45
16,332,12
16,333,54
16,334,24
16,335,12
16,336,18
16,337,39
16,338,27
16,339,15
16,340,27
16,341,36
16,342,9
16,343,60
16,344,36
16,345,12
16,346,6
16,347,30
16,348,78
16,349,45
16,350,54
16,351,48
16,352,27
16,353,9
16,354,54
16,355,27
16,356,39
16,357,30
16,358,33
16,359,12
16,360,54
16,361,21
16,362,27
16,363,18
16,364,24
16,365,27
16,366,45
16,367,42
16,368,18
16,369,3
16,370,36
16,371,51
16,372,27
16,373,12
16,374,84
16,375,3
16,376,42
16,377,51
16,378,3
16,379,24
16,380,39
16,381,54
16,382,9
16,383,123
16,384,24
16,385,15
16,386,18
16,387,42
16,388,21
16,389,18
16,390,63
16,391,24
16,392,30
16,393,9
16,394,3
16,395,42
16,396,42
16,397,51
16,398,33
16,399,27
16,400,45
16,401,84
16,402,6
16,403,36
16,404,39
16,405,24
16,406,18
16,407,33
16,408,90
16,409,42
16,410,54
16,411,48
16,412,9
16,413,45
16,414,21
16,415,81
16,416,6
16,417,42
16,418,18
16,419,15
16,420,3
16,421,93
16,422,93
16,423,12
16,424,3
16,425,24
16,426,51
16,427,54
16,428,33
16,429,30
16,430,27
16,431,6
16,432,36
16,433,27
16,434,102
16,435,63
16,436,60
16,437,42
16,438,54
16,439,33
16,440,18
16,441,51
16,442,51
16,443,66
16,444,18
16,445,33
16,446,48
16,447,39
16,448,39
16,449,30
16,450,54
16,451,3
16,452,51
16,453,15
16,454,42
16,455,27
16,456,15
16,457,48
16,458,48
16,459,30
16,460,27
16,461,60
16,462,24
16,463,42
16,464,51
16,465,30
16,466,6
16,467,21
16,468,51
16,469,21
16,470,51
16,471,51
16,472,21
16,473,21
16,474,6
16,475,60
16,476,24
16,477,39
16,478,21
16,479,6
16,480,21
16,481,51
16,482,12
16,483,30
16,484,42
16,485,15
16,486,12
16,487,33
16,488,42
16,489,15
16,490,18
16,491,18
16,492,21
16,493,21
16,494,15
16,495,30
16,496,24
16,497,36
16,498,48
16,499,18
16,500,57
17,1,9
17,2,96
17,3,3
17,4,6
17,5,90
17,6,84
17,7,36
17,8,51
17,9,9
17,10,102
17,11,42
17,12,63
17,13,96
17,14,99
17,15,135
17,16,120
17,17,3
17,18,30
17,19,69
17,20,69
17,21,123
17,22,135
17,23,57
17,24,21
17,25,36
17,26,36
17,27,138
17,28,27
17,29,39
17,30,144
17,31,105
17,32,195
17,33,54
17,34,75
17,35,72
17,36,51
17,37,21
17,38,99
17,39,138
17,40,6
17,41,96
17,42,111
17,43,24
17,44,36
17,45,9
17,46,78
17,47,39
17,48,108
17,49,69
17,50,66
17,51,15
17,52,201
17,53,42
17,54,9
17,55,117
17,56,30
17,57,195
17,58,99
17,59,24
17,60,27
17,61,24
17,62,48
17,63,129
17,64,36
17,65,87
17,66,36
17,67,66
17,68,6
17,69,99
17,70,27
17,71,30
17,72,78
17,73,75
17,74,39
17,75,15
17,76,21
17,77,57
17,78,39
17,79,132
17,80,69
17,81,81
17,82,93
17,83,84
17,84,72
17,85,120
17,86,30
17,87,39
17,88,27
17,89,84
17,90,45
17,91,51
17,92,108
17,93,24
17,94,45
17,95,45
17,96,135
17,97,51
17,98,180
17,99,63
17,100,54
17,101,48
17,102,30
17,103,111
17,104,87
17,105,102
17,106,3
17,107,138
17,108,93
17,109,39
17,110,45
17,111,15
17,112,3
17,113,72
17,114,27
17,115,12
17,116,147
17,117,81
17,118,45
17,119,48
17,120,30
17,121,51
17,122,51
17,123,168
17,124,21
17,125,153
17,126,48
17,127,90
17,128,21
17,129,168
17,130,24
17,131,87
17,132,84
17,133,39
17,134,39
17,135,54
17,136,174
17,137,36
17,138,51
17,139,39
17,140,72
17,141,30
17,142,108
17,143,57
17,144,27
17,145,21
17,146,120
17,147,153
17,148,33
17,149,27
17,150,117
17,151,36
17,152,9
17,153,96
17,154,39
17,155,192
17,156,30
17,157,93
17,158,57
17,159,36
17,160,78
17,161,6
17,162,51
17,163,9
17,164,117
17,165,33
17,166,87
17,167,87
17,168,126
17,169,150
17,170,45
17,171,3
17,172,60
17,173,144
17,174,57
17,175,6
17,176,36
17,177,135
17,178,36
17,179,3
17,180,75
17,181,57
17,182,138
17,183,153
17,184,39
17,185,3
17,186,12
17,187,111
17,188,141
17,189,78
17,190,66
17,191,81
17,192,57
17,193,30
17,194,12
17,195,15
17,196,27
17,197,120
17,198,87
17,199,150
17,200,87
17,201,60
17,202,12
17,203,21
17,204,18
17,205,24
17,206,66
17,207,36
17,208,45
17,209,6
17,210,33
17,211,21
17,212,105
17,213,39
17,214,51
17,215,9
17,216,21
17,217,180
17,218,54
17,219,51
17,220,36
17,221,69
17,222,84
17,223,33
17,224,36
17,225,135
17,226,6
17,227,3
17,228,66
17,229,24
17,230,63
17,231,108
17,232,30
17,233,48
17,234,24
17,235,21
17,236,45
17,237,54
17,238,51
17,239,72
17,240,12
17,241,72
17,242,24
17,243,18
17,244,30
17,245,99
17,246,36
17,247,156
17,248,45
17,249,45
17,250,150
17,251,3
17,252,15
17,253,186
17,254,69
17,255,21
17,256,75
17,257,69
17,258,36
17,259,57
17,260,105
17,261,51
17,262,72
17,263,27
17,264,117
17,265,21
17,266,33
17,267,93
17,268,51
17,269,57
17,270,21
17,271,57
17,272,66
17,273,45
17,274,36
17,275,9
17,276,96
17,277,231
17,278,48
17,279,141
17,280,75
17,281,12
17,282,54
17,283,54
17,284,75
17,285,84
17,286,117
17,287,96
17,288,48
17,289,54
17,290,141
17,291,99
17,292,48
17,293,81
17,294,108
17,295,39
17,296,9
17,297,39
17,298,45
17,299,63
17,300,84
17,301,12
17,302,63
17,303,9
17,304,30
17,305,102
17,306,15
17,307,93
17,308,216
17,309,51
17,310,33
17,311,144
17,312,159
17,313,84
17,314,36
17,315,198
17,316,120
17,317,45
17,318,90
17,319,141
17,320,42
17,321,84
17,322,30
17,323,57
17,324,153
17,325,69
17,326,30
17,327,42
17,328,33
17,329,111
17,330,42
17,331,183
17,332,15
17,333,120
17,334,84
17,335,12
17,336,147
17,337,39
17,338,33
17,339,81
17,340,27
17,341,48
17,342,96
17,343,45
17,344,45
17,345,12
17,346,144
17,347,39
17,348,132
17,349,66
17,350,105
17,351,84
17,352,36
17,353,9
17,354,42
17,355,66
17,356,87
17,357,30
17,358,33
17,359,99
17,360,84
17,361,21
17,362,129
17,363,18
17,364,111
17,365,75
17,366,60
17,367,93
17,368,60
17,369,3
17,370,36
17,371,39
17,372,69
17,373,12
17,374,93
17,375,3
17,376,51
17,377,42
17,378,3
17,379,21
17,380,54
17,381,45
17,382,9
17,383,63
17,384,84
17,385,192
17,386,18
17,387,150
17,388,21
17,389,18
17,390,48
17,391,24
17,392,30
17,393,9
17,394,3
17,395,99
17,396,84
17,397,150
17,398,84
17,399,96
17,400,45
17,401,48
17,402,6
17,403,114
17,404,45
17,405,24
17,406,36
17,407,27
17,408,63
17,409,30
17,410,36
17,411,126
17,412,9
17,413,171
17,414,114
17,415,123
17,416,6
17,417,75
17,418,18
17,419,15
17,420,3
17,421,45
17,422,63
17,423,48
17,424,3
17,425,54
17,426,120
17,427,33
17,428,198
17,429,45
17,430,141
17,431,6
17,432,36
17,433,72
17,434,108
17,435,93
17,436,129
17,437,54
17,438,111
17,439,84
17,440,18
17,441,177
17,442,69
17,443,165
17,444,72
17,445,87
17,446,48
17,447,156
17,448,120
17,449,21
17,450,54
17,451,3
17,452,66
17,453,15
17,454,63
17,455,48
17,456,36
17,457,54
17,458,24
17,459,180
17,460,123
17,461,177
17,462,66
17,463,111
17,464,66
17,465,39
17,466,6
17,467,120
17,468,12
17,469,114
17,470,27
17,471,51
17,472,51
17,473,21
17,474,6
17,475,27
17,476,36
17,477,123
17,478,57
17,479,6
17,480,39
17,481,102
17,482,12
17,483,45
17,484,39
17,485,51
17,486,12
17,487,42
17,488,153
17,489,45
17,490,57
17,491,45
17,492,18
17,493,84
17,494,111
17,495,48
17,496,174
17,497,180
17,498,12
17,499,69
17,500,84
18,1,9
18,2,183
18,3,3
18,4,6
18,5,78
18,6,120
18,7,36
18,8,135
18,9,9
18,10,219
18,11,123
18,12,207
18,13,102
18,14,147
18,15,138
18,16,120
18,17,3
18,18,51
18,19,120
18,20,69
18,21,207
18,22,90
18,23,57
18,24,21
18,25,174
18,26,36
18,27,240
18,28,27
18,29,102
18,30,135
18,31,108
18,32,189
18,33,54
18,34,48
18,35,213
18,36,54
18,37,21
18,38,102
18,39,105
18,40,6
18,41,81
18,42,225
18,43,24
18,44,99
18,45,9
18,46,39
18,47,84
18,48,108
18,49,120
18,50,96
18,51,15
18,52,231
18,53,42
18,54,9
18,55,117
18,56,87
18,57,180
18,58,132
18,59,183
18,60,60
18,61,24
18,62,195
18,63,75
18,64,36
18,65,90
18,66,108
18,67,207
18,68,6
18,69,36
18,70,27
18,71,93
18,72,99
18,73,75
18,74,159
18,75,15
18,76,21
18,77,57
18,78,39
18,79,216
18,80,60
18,81,207
18,82,105
18,83,84
18,84,72
18,85,162
18,86,81
18,87,105
18,88,27
18,89,135
18,90,45
18,91,222
18,92,135
18,93,24
18,94,54
18,95,258
18,96,171
18,97,141
18,98,228
18,99,81
18,100,54
18,101,48
18,102,99
18,103,114
18,104,138
18,105,108
18,106,3
18,107,177
18,108,129
18,109,39
18,110,69
18,111,15
18,112,3
18,113,72
18,114,159
18,115,12
18,116,147
18,117,81
18,118,66
18,119,138
18,120,120
18,121,171
18,122,294
18,123,126
18,124,21
18,125,177
18,126,282
18,127,126
18,128,21
18,129,165
18,130,24
18,131,96
18,132,39
18,133,135
18,134,39
18,135,54
18,136,177
18,137,84
18,138,120
18,139,39
18,140,129
18,141,138
18,142,141
18,143,120
18,144,159
18,145,222
18,146,183
18,147,219
18,148,93
18,149,27
18,150,126
18,151,36
18,152,9
18,153,78
18,154,93
18,155,138
18,156,69
18,157,183
18,158,129
18,159,102
18,160,192
18,161,6
18,162,102
18,163,9
18,164,141
18,165,33
18,166,186
18,167,87
18,168,123
18,169,159
18,170,45
18,171,3
18,172,60
18,173,135
18,174,57
18,175,6
18,176,36
18,177,255
18,178,36
18,179,3
18,180,57
18,181,39
18,182,192
18,183,60
18,184,39
18,185,3
18,186,12
18,187,258
18,188,201
18,189,84
18,190,120
18,191,42
18,192,195
18,193,30
18,194,39
18,195,15
18,196,81
18,197,78
18,198,69
18,199,159
18,200,99
18,201,90
18,202,90
18,203,33
18,204,18
18,205,24
18,206,66
18,207,36
18,208,96
18,209,6
18,210,33
18,211,21
18,212,105
18,213,39
18,214,174
18,215,9
18,216,21
18,217,180
18,218,39
18,219,174
18,220,81
18,221,69
18,222,57
18,223,186
18,224,36
18,225,147
18,226,6
18,227,3
18,228,66
18,229,24
18,230,63
18,231,108
18,232,201
18,233,48
18,234,42
18,235,21
18,236,45
18,237,54
18,238,216
18,239,72
18,240,12
18,241,81
18,242,24
18,243,87
18,244,45
18,245,99
18,246,123
18,247,108
18,248,45
18,249,60
18,250,120
18,251,3
18,252,15
18,253,180
18,254,234
18,255,87
18,256,66
18,257,84
18,258,36
18,259,126
18,260,102
18,261,54
18,262,102
18,263,27
18,264,114
18,265,21
18,266,258
18,267,99
18,268,99
18,269,57
18,270,21
18,271,69
18,272,66
18,273,96
18,274,96
18,275,9
18,276,216
18,277,111
18,278,132
18,279,117
18,280,75
18,281,12
18,282,54
18,283,54
18,284,207
18,285,48
18,286,180
18,287,318
18,288,291
18,289,54
18,290,141
18,291,90
18,292,48
18,293,81
18,294,108
18,295,153
18,296,9
18,297,54
18,298,120
18,299,63
18,300,84
18,301,12
18,302,87
18,303,9
18,304,99
18,305,231
18,306,90
18,307,168
18,308,123
18,309,63
18,310,81
18,311,213
18,312,180
18,313,84
18,314,36
18,315,123
18,316,123
18,317,84
18,318,132
18,319,162
18,320,123
18,321,336
18,322,30
18,323,57
18,324,96
18,325,231
18,326,30
18,327,342
18,328,33
18,329,168
18,330,207
18,331,96
18,332,15
18,333,135
18,334,129
18,335,12
18,336,120
18,337,39
18,338,198
18,339,117
18,340,27
18,341,57
18,342,258
18,343,90
18,344,129
18,345,12
18,346,105
18,347,171
18,348,36
18,349,255
18,350,213
18,351,276
18,352,36
18,353,9
18,354,45
18,355,96
18,356,87
18,357,30
18,358,33
18,359,99
18,360,159
18,361,21
18,362,129
18,363,18
18,364,123
18,365,75
18,366,138
18,367,132
18,368,87
18,369,3
18,370,36
18,371,75
18,372,96
18,373,12
18,374,93
18,375,3
18,376,72
18,377,36
18,378,3
18,379,24
18,380,114
18,381,138
18,382,9
18,383,234
18,384,84
18,385,255
18,386,18
18,387,279
18,388,21
18,389,18
18,390,147
18,391,24
18,392,30
18,393,9
18,394,3
18,395,165
18,396,84
18,397,120
18,398,348
18,399,96
18,400,117
18,401,105
18,402,6
18,403,93
18,404,135
18,405,24
18,406,63
18,407,36
18,408,102
18,409,177
18,410,183
18,411,144
18,412,9
18,413,189
18,414,135
18,415,123
18,416,6
18,417,75
18,418,18
18,419,15
18,420,3
18,421,234
18,422,90
18,423,48
18,424,3
18,425,33
18,426,48
18,427,87
18,428,87
18,429,45
18,430,129
18,431,6
18,432,36
18,433,72
18,434,75
18,435,90
18,436,84
18,437,54
18,438,81
18,439,84
18,440,18
18,441,105
18,442,81
18,443,75
18,444,153
18,445,126
18,446,48
18,447,57
18,448,198
18,449,99
18,450,54
18,451,3
18,452,78
18,453,15
18,454,312
18,455,48
18,456,42
18,457,54
18,458,147
18,459,81
18,460,210
18,461,102
18,462,93
18,463,123
18,464,66
18,465,150
18,466,6
18,467,99
18,468,51
18,469,114
18,470,87
18,471,51
18,472,51
18,473,21
18,474,6
18,475,39
18,476,108
18,477,123
18,478,72
18,479,6
18,480,69
18,481,123
18,482,12
18,483,93
18,484,57
18,485,120
18,486,12
18,487,42
18,488,171
18,489,279
18,490,57
18,491,90
18,492,156
18,493,150
18,494,111
18,495,48
18,496,180
18,497,111
18,498,138
18,499,48
18,500,81
19,1,3
19,2,3
19,3,3
19,4,3
19,5,3
19,6,3
19,7,12
19,8,12
19,9,3
19,10,6
19,11,3
19,12,3
19,13,6
19,14,6
19,15,3
19,16,3
19,17,3
19,18,3
19,19,3
19,20,3
19,21,3
19,22,3
19,23,9
19,24,3
19,25,6
19,26,9
19,27,3
19,28,3
19,29,3
19,30,9
19,31,9
19,32,6
19,33,3
19,34,3
19,35,9
19,36,6
19,37,9
19,38,3
19,39,24
19,40,6
19,41,12
19,42,3
19,43,3
19,44,3
19,45,3
19,46,9
19,47,6
19,48,3
19,49,6
19,50,12
19,51,9
19,52,6
19,53,3
19,54,9
19,55,9
19,56,6
19,57,24
19,58,3
19,59,9
19,60,18
19,61,3
19,62,12
19,63,3
19,64,12
19,65,9
19,66,3
19,67,6
19,68,3
19,69,15
19,70,3
19,71,3
19,72,3
19,73,3
19,74,12
19,75,15
19,76,3
19,77,3
19,78,15
19,79,3
19,80,6
19,81,3
19,82,3
19,83,6
19,84,18
19,85,12
19,86,6
19,87,15
19,88,9
19,89,3
19,90,3
19,91,3
19,92,6
19,93,24
19,94,6
19,95,3
19,96,3
19,97,3
19,98,9
19,99,3
19,100,6
19,101,3
19,102,6
19,103,6
19,104,9
19,105,3
19,106,3
19,107,15
19,108,15
19,109,9
19,110,3
19,111,9
19,112,3
19,113,15
19,114,3
19,115,9
19,116,3
19,117,6
19,118,6
19,119,3
19,120,3
19,121,3
19,122,6
19,123,33
19,124,3
19,125,3
19,126,3
19,127,3
19,128,3
19,129,3
19,130,3
19,131,6
19,132,15
19,133,6
19,134,15
19,135,15
19,136,6
19,137,3
19,138,3
19,139,6
19,140,3
19,141,3
19,142,9
19,143,3
19,144,9
19,145,6
19,146,3
19,147,3
19,148,9
19,149,3
19,150,9
19,151,6
19,152,3
19,153,15
19,154,15
19,155,3
19,156,3
19,157,6
19,158,6
19,159,3
19,160,3
19,161,6
19,162,3
19,163,9
19,164,6
19,165,3
19,166,3
19,167,6
19,168,15
19,169,3
19,170,3
19,171,3
19,172,18
19,173,3
19,174,9
19,175,3
19,176,12
19,177,12
19,178,3
19,179,3
19,180,9
19,181,3
19,182,6
19,183,6
19,184,6
19,185,3
19,186,3
19,187,6
19,188,3
19,189,3
19,190,3
19,191,3
19,192,3
19,193,12
19,194,18
19,195,6
19,196,12
19,197,3
19,198,3
19,199,3
19,200,9
19,201,12
19,202,12
19,203,3
19,204,3
19,205,3
19,206,12
19,207,3
19,208,6
19,209,6
19,210,6
19,211,3
19,212,6
19,213,9
19,214,3
19,215,6
19,216,12
19,217,6
19,218,3
19,219,9
19,220,3
19,221,6
19,222,6
19,223,15
19,224,15
19,225,3
19,226,12
19,227,3
19,228,3
19,229,6
19,230,15
19,231,27
19,232,9
19,233,9
19,234,3
19,235,3
19,236,9
19,237,3
19,238,15
19,239,12
19,240,3
19,241,6
19,242,21
19,243,6
19,244,3
19,245,3
19,246,9
19,247,3
19,248,9
19,249,3
19,250,6
19,251,3
19,252,3
19,253,9
19,254,12
19,255,3
19,256,3
19,257,6
19,258,3
19,259,9
19,260,15
19,261,3
19,262,18
19,263,3
19,264,15
19,265,3
19,266,6
19,267,9
19,268,3
19,269,3
19,270,6
19,271,6
19,272,6
19,273,6
19,274,15
19,275,3
19,276,3
19,277,18
19,278,15
19,279,6
19,280,3
19,281,3
19,282,3
19,283,6
19,284,12
19,285,12
19,286,3
19,287,6
19,288,6
19,289,9
19,290,3
19,291,3
19,292,3
19,293,3
19,294,6
19,295,3
19,296,6
19,297,6
19,298,6
19,299,3
19,300,9
19,301,3
19,302,6
19,303,3
19,304,3
19,305,3
19,306,3
19,307,6
19,308,3
19,309,15
19,310,24
19,311,3
19,312,3
19,313,18
19,314,12
19,315,3
19,316,3
19,317,15
19,318,6
19,319,6
19,320,9
19,321,3
19,322,6
19,323,15
19,324,3
19,325,3
19,326,9
19,327,6
19,328,3
19,329,9
19,330,3
19,331,6
19,332,3
19,333,3
19,334,18
19,335,3
19,336,6
19,337,6
19,338,18
19,339,3
19,340,3
19,341,3
19,342,6
19,343,3
19,344,9
19,345,3
19,346,9
19,347,6
19,348,3
19,349,3
19,350,3
19,351,9
19,352,3
19,353,3
19,354,9
19,355,6
19,356,6
19,357,3
19,358,27
19,359,6
19,360,3
19,361,3
19,362,3
19,363,6
19,364,3
19,365,3
19,366,6
19,367,6
19,368,9
19,369,3
19,370,3
19,371,3
19,372,15
19,373,6
19,374,9
19,375,3
19,376,12
19,377,3
19,378,3
19,379,3
19,380,15
19,381,12
19,382,3
19,383,15
19,384,3
19,385,3
19,386,3
19,387,9
19,388,9
19,389,3
19,390,15
19,391,9
19,392,9
19,393,9
19,394,3
19,395,9
19,396,15
19,397,6
19,398,3
19,399,3
19,400,6
19,401,6
19,402,3
19,403,15
19,404,9
19,405,3
19,406,9
19,407,24
19,408,3
19,409,6
19,410,6
19,411,6
19,412,3
19,413,6
19,414,12
19,415,6
19,416,3
19,417,6
19,418,12
19,419,6
19,420,3
19,421,3
19,422,3
19,423,3
19,424,3
19,425,9
19,426,3
19,427,3
19,428,9
19,429,6
19,430,3
19,431,3
19,432,6
19,433,3
19,434,6
19,435,3
19,436,9
19,437,3
19,438,3
19,439,3
19,440,9
19,441,3
19,442,3
19,443,12
19,444,3
19,445,3
19,446,9
19,447,9
19,448,15
19,449,6
19,450,3
19,451,3
19,452,3
19,453,6
19,454,15
19,455,3
19,456,3
19,457,12
19,458,3
19,459,3
19,460,3
19,461,9
19,462,3
19,463,12
19,464,12
19,465,12
19,466,3
19,467,3
19,468,3
19,469,3
19,470,3
19,471,6
19,472,6
19,473,6
19,474,3
19,475,3
19,476,3
19,477,9
19,478,9
19,479,3
19,480,3
19,481,9
19,482,12
19,483,6
19,484,9
19,485,3
19,486,3
19,487,9
19,488,3
19,489,3
19,490,6
19,491,9
19,492,6
19,493,6
19,494,15
19,495,6
19,496,9
19,497,3
19,498,6
19,499,3
19,500,3
20,1,9
20,2,21
20,3,3
20,4,6
20,5,192
20,6,48
20,7,36
20,8,129
20,9,9
20,10,87
20,11,90
20,12,138
20,13,48
20,14,72
20,15,138
20,16,87
20,17,3
20,18,15
20,19,99
20,20,69
20,21,105
20,22,189
20,23,57
20,24,21
20,25,45
20,26,36
20,27,111
20,28,27
20,29,102
20,30,66
20,31,108
20,32,45
20,33,39
20,34,99
20,35,87
20,36,54
20,37,21
20,38,102
20,39,42
20,40,6
20,41,162
20,42,195
20,43,24
20,44,99
20,45,9
20,46,51
20,47,87
20,48,87
20,49,96
20,50,141
20,51,15
20,52,168
20,53,36
20,54,9
20,55,42
20,56,108
20,57,96
20,58,129
20,59,93
20,60,33
20,61,24
20,62,165
20,63,117
20,64,36
20,65,90
20,66,69
20,67,117
20,68,6
20,69,96
20,70,27
20,71,93
20,72,99
20,73,54
20,74,78
20,75,15
20,76,21
20,77,57
20,78,39
20,79,123
20,80,72
20,81,132
20,82,111
20,83,72
20,84,72
20,85,117
20,86,75
20,87,105
20,88,27
20,89,162
20,90,45
20,91,63
20,92,24
20,93,24
20,94,69
20,95,45
20,96,87
20,97,69
20,98,135
20,99,81
20,100,54
20,101,48
20,102,114
20,103,42
20,104,90
20,105,108
20,106,3
20,107,183
20,108,87
20,109,39
20,110,84
20,111,15
20,112,3
20,113,36
20,114,105
20,115,12
20,116,69
20,117,90
20,118,66
20,119,138
20,120,117
20,121,132
20,122,174
20,123,42
20,124,21
20,125,126
20,126,108
20,127,126
20,128,21
20,129,99
20,130,24
20,131,60
20,132,147
20,133,132
20,134,39
20,135,54
20,136,27
20,137,84
20,138,96
20,139,39
20,140,156
20,141,99
20,142,141
20,143,33
20,144,180
20,145,159
20,146,231
20,147,63
20,148,93
20,149,27
20,150,96
20,151,36
20,152,9
20,153,96
20,154,114
20,155,60
20,156,69
20,157,75
20,158,129
20,159,129
20,160,183
20,161,6
20,162,147
20,163,9
20,164,126
20,165,33
20,166,63
20,167,87
20,168,87
20,169,105
20,170,45
20,171,3
20,172,60
20,173,111
20,174,51
20,175,6
20,176,36
20,177,81
20,178,36
20,179,3
20,180,75
20,181,39
20,182,210
20,183,132
20,184,39
20,185,3
20,186,12
20,187,84
20,188,171
20,189,84
20,190,120
20,191,204
20,192,129
20,193,30
20,194,39
20,195,15
20,196,81
20,197,72
20,198,93
20,199,84
20,200,90
20,201,90
20,202,108
20,203,33
20,204,18
20,205,24
20,206,27
20,207,36
20,208,141
20,209,6
20,210,33
20,211,21
20,212,105
20,213,33
20,214,111
20,215,9
20,216,21
20,217,177
20,218,66
20,219,102
20,220,93
20,221,69
20,222,60
20,223,57
20,224,36
20,225,171
20,226,6
20,227,3
20,228,66
20,229,24
20,230,63
20,231,108
20,232,63
20,233,48
20,234,99
20,235,21
20,236,45
20,237,51
20,238,135
20,239,72
20,240,12
20,241,84
20,242,24
20,243,105
20,244,45
20,245,96
20,246,165
20,247,180
20,248,42
20,249,66
20,250,96
20,251,3
20,252,15
20,253,126
20,254,141
20,255,141
20,256,189
20,257,84
20,258,36
20,259,159
20,260,75
20,261,150
20,262,102
20,263,27
20,264,78
20,265,21
20,266,123
20,267,99
20,268,99
20,269,57
20,270,21
20,271,69
20,272,66
20,273,96
20,274,24
20,275,9
20,276,144
20,277,189
20,278,132
20,279,51
20,280,33
20,281,12
20,282,54
20,283,87
20,284,141
20,285,84
20,286,153
20,287,84
20,288,132
20,289,54
20,290,90
20,291,54
20,292,48
20,293,117
20,294,108
20,295,87
20,296,9
20,297,138
20,298,96
20,299,42
20,300,51
20,301,12
20,302,144
20,303,9
20,304,99
20,305,111
20,306,90
20,307,159
20,308,84
20,309,63
20,310,51
20,311,186
20,312,195
20,313,78
20,314,36
20,315,42
20,316,123
20,317,84
20,318,132
20,319,105
20,320,111
20,321,57
20,322,30
20,323,57
20,324,39
20,325,99
20,326,30
20,327,54
20,328,33
20,329,93
20,330,75
20,331,126
20,332,15
20,333,69
20,334,144
20,335,12
20,336,129
20,337,39
20,338,138
20,339,162
20,340,27
20,341,39
20,342,141
20,343,63
20,344,201
20,345,12
20,346,81
20,347,171
20,348,144
20,349,108
20,350,171
20,351,171
20,352,36
20,353,9
20,354,102
20,355,45
20,356,87
20,357,30
20,358,33
20,359,99
20,360,84
20,361,21
20,362,123
20,363,18
20,364,207
20,365,72
20,366,141
20,367,39
20,368,123
20,369,3
20,370,36
20,371,90
20,372,132
20,373,12
20,374,93
20,375,3
20,376,15
20,377,54
20,378,3
20,379,24
20,380,156
20,381,150
20,382,9
20,383,75
20,384,84
20,385,168
20,386,18
20,387,54
20,388,21
20,389,18
20,390,159
20,391,24
20,392,30
20,393,9
20,394,3
20,395,168
20,396,84
20,397,153
20,398,63
20,399,96
20,400,45
20,401,111
20,402,6
20,403,189
20,404,57
20,405,24
20,406,81
20,407,36
20,408,87
20,409,48
20,410,60
20,411,246
20,412,9
20,413,93
20,414,135
20,415,120
20,416,6
20,417,57
20,418,18
20,419,15
20,420,3
20,421,78
20,422,93
20,423,48
20,424,3
20,425,54
20,426,51
20,427,69
20,428,147
20,429,45
20,430,162
20,431,6
20,432,36
20,433,72
20,434,102
20,435,90
20,436,177
20,437,54
20,438,174
20,439,84
20,440,18
20,441,117
20,442,156
20,443,81
20,444,123
20,445,72
20,446,48
20,447,126
20,448,111
20,449,108
20,450,54
20,451,3
20,452,90
20,453,15
20,454,39
20,455,48
20,456,42
20,457,54
20,458,99
20,459,240
20,460,183
20,461,93
20,462,90
20,463,123
20,464,66
20,465,150
20,466,6
20,467,78
20,468,51
20,469,48
20,470,54
20,471,51
20,472,51
20,473,21
20,474,6
20,475,99
20,476,105
20,477,123
20,478,72
20,479,6
20,480,69
20,481,75
20,482,12
20,483,87
20,484,99
20,485,129
20,486,12
20,487,42
20,488,210
20,489,60
20,490,57
20,491,117
20,492,66
20,493,87
20,494,111
20,495,48
20,496,87
20,497,81
20,498,138
20,499,159
20,500,81
